es	en	pt
09 y 10 de Mayo	May 9 and 10	9 e 10 de maio
23 de Mayo	May 23	23 de maio
Error cargando datos	Error loading data	Erro ao carregar dados
mié	Wed	qua
sáb	Sat	sáb
° LUGAR	° PLACE	° LUGAR
← tú	← you	← você
3 fallos en algún lift	3 failed attempts in one lift	3 falhas em algum lift
Abr	Apr	Abr
Ago	Aug	Ago
Atleta no encontrado.	Athlete not found.	Atleta não encontrado.
Busca por nombre o código FECHIPO. No se muestra el RUT.	Search by name or FECHIPO code. The national ID is not shown.	Busque por nome ou código FECHIPO. O RUT não é exibido.
Buscar	Search	Buscar
BUSCAR	SEARCH	BUSCAR
Categorías:	Categories:	Categorias:
Comparativa ·	Comparison ·	Comparativo ·
Dic	Dec	Dez
Ene	Jan	Jan
ENTRENADOR CAT	COACH CAT	TREINADOR CAT
Evolución GL	GL progression	Evolução GL
Feb	Feb	Fev
Inscrito en	Registered in	Inscrito em
Invitado	Guest	Convidado
Jul	Jul	Jul
Jun	Jun	Jun
kg levantados	kg lifted	kg levantados
Mar	Mar	Mar
May	May	Mai
Nombre o código FECHIPO...	Name or FECHIPO code...	Nome ou código FECHIPO...
Nov	Nov	Nov
Oct	Oct	Out
Powerlifting Clásico	Classic Powerlifting	Powerlifting Clássico
Se necesita más de una competencia para graficar la evolución.	More than one competition is needed to chart progression.	É preciso mais de uma competição para traçar a evolução.
Sep	Sep	Set
Sin datos para los filtros elegidos.	No data for the selected filters.	Sem dados para os filtros escolhidos.
Sin resultados registrados.	No results recorded.	Sem resultados registrados.
Sin resultados.	No results.	Sem resultados.
SUDAMERICANO 2026	SOUTH AMERICAN 2026	SUL-AMERICANO 2026
Tu posición	Your position	Sua posição
YourLift — Perfil de Atleta	YourLift — Athlete Profile	YourLift — Perfil do Atleta
JUEZ INTERNACIONAL CAT I	INTERNATIONAL REFEREE CAT I	ÁRBITRO INTERNACIONAL CAT I
JUEZ INTERNACIONAL CAT II	INTERNATIONAL REFEREE CAT II	ÁRBITRO INTERNACIONAL CAT II
JUEZ NACIONAL CAT I	NATIONAL REFEREE CAT I	ÁRBITRO NACIONAL CAT I
JUEZ NACIONAL CAT II	NATIONAL REFEREE CAT II	ÁRBITRO NACIONAL CAT II
Powerlifting Equipado	Equipped Powerlifting	Powerlifting Equipado
← Volver	← Back	← Voltar
atletas en el grupo	athletes in the group	atletas no grupo
Comparativa en categoría	Comparison within category	Comparativo na categoria
Confirmado	Confirmed	Confirmado
Inscripciones activas	Open registrations	Inscrições abertas
Mediana	Median	Mediana
Mejores marcas personales	Personal bests	Melhores marcas pessoais
Mín	Min	Mín
PERCENTIL	PERCENTILE	PERCENTIL
Promedio	Average	Média
TOP DE LA CATEGORÍA	TOP OF THE CATEGORY	TOP DA CATEGORIA
Pendiente	Pending	Pendente
LUGAR	PLACE	LUGAR
ATLETA	ATHLETE	ATLETA
Hombre	Male	Homem
Mujer	Female	Mulher
Only Bench Clásico	Classic Bench Only	Only Bench Clássico
Reserva	Reserve	Reserva
Only Bench Equipado	Equipped Bench Only	Only Bench Equipado
· Debut	· Debut	· Estreia
Años	Years	Anos
Todas las modalidades	All events	Todas as modalidades
UNIVERSITARIO	UNIVERSITY	UNIVERSITÁRIO
atletas encontrados	athletes found	atletas encontrados
Bench	Bench	Supino
Deadlift	Deadlift	Levantamento Terra
Historial Competitivo	Competition History	Histórico Competitivo
Mejores Levantamientos (PR)	Best Lifts (PR)	Melhores Levantamentos (PR)
Modalidad:	Event:	Modalidade:
Sin competencias registradas	No competitions recorded	Sem competições registradas
Squat	Squat	Agachamento
TODOS	ALL	TODOS
Categoría:	Category:	Categoria:
Club	Club	Clube
División:	Division:	Divisão:
Debut	Debut	Estreia
¿ERES ENTRENADOR?	ARE YOU A COACH?	VOCÊ É TREINADOR?
. Es aparte del de los atletas: llenas tus datos y subes tus documentos.	. It is separate from the athletes' one: fill in your details and upload your documents.	. É separado do dos atletas: preencha seus dados e envie seus documentos.
ENTRENADORES ·	COACHES ·	TREINADORES ·
Está abierto	It is open	Está aberto
formularios abiertos	open forms	formulários abertos
INSCRIBIRME COMO ENTRENADOR	REGISTER AS A COACH	INSCREVER-ME COMO TREINADOR
Sin club	No club	Sem clube
Hay	There are	Há
Bienvenido a	Welcome to	Bem-vindo ao
Calculadora GL	GL Calculator	Calculadora GL
COLABORADORES	PARTNERS	COLABORADORES
Inicio	Home	Início
Records	Records	Recordes
Transmisiones	Broadcasts	Transmissões
Certificados	Certificates	Certificados
FEDERACIÓN CHILENA DE POWERLIFTING	CHILEAN POWERLIFTING FEDERATION	FEDERAÇÃO CHILENA DE POWERLIFTING
Cronograma	Schedule	Cronograma
Entrenadores	Coaches	Treinadores
Nóminas	Nominations	Nominatas
Competencias pasadas	Past competitions	Competições anteriores
Competencia en Vivo	Live Competition	Competição ao Vivo
Cargando campeonatos…	Loading championships…	Carregando campeonatos…
Transmisión en vivo	Live broadcast	Transmissão ao vivo
Inscripción	Registration	Inscrição
Atletas	Athletes	Atletas
¡Mensaje enviado! Gracias por escribirnos.	Message sent! Thanks for writing to us.	Mensagem enviada! Obrigado por nos escrever.
El 1.º de cada categoría, uno tras otro. Cambia solo cada 5 segundos, o toca una categoría.	The #1 of each category, one after another. Changes every 5 seconds, or tap a category.	O 1º de cada categoria, um após o outro. Muda a cada 5 segundos, ou toque em uma categoria.
Enviando...	Sending...	Enviando...
Error al enviar:	Error sending:	Erro ao enviar:
Error de conexión, intenta de nuevo.	Connection error, please try again.	Erro de conexão, tente novamente.
Líderes del ranking	Ranking leaders	Líderes do ranking
Por favor completa todos los campos.	Please fill in all the fields.	Por favor, preencha todos os campos.
Ver ranking →	See ranking →	Ver ranking →
YourLift — Inscripción	YourLift — Registration	YourLift — Inscrição
, envía un correo a	, send an email to	, envie um e-mail para
¿Tienes preguntas sobre el uso de tus datos? Escríbenos a	Questions about how your data is used? Write to us at	Dúvidas sobre o uso dos seus dados? Escreva-nos em
· Competencia	· Competition	· Competição
· Ley N° 19.628 y Ley N° 21.719 sobre Protección de Datos Personales	· Chilean Law No. 19.628 and Law No. 21.719 on Personal Data Protection	· Lei chilena Nº 19.628 e Lei Nº 21.719 sobre Proteção de Dados Pessoais
(autocompletadas — revísalas)	(autofilled — please check them)	(preenchidas automaticamente — confira)
(complétalas)	(fill them in)	(preencha)
1 · Tu nombre	1 · Your name	1 · Seu nome
1. RESPONSABLE DEL TRATAMIENTO	1. DATA CONTROLLER	1. RESPONSÁVEL PELO TRATAMENTO
10. MODIFICACIONES	10. CHANGES	10. ALTERAÇÕES
2 · Campeonato donde competiste	2 · Championship you competed in	2 · Campeonato em que competiu
2. DATOS QUE RECOPILAMOS	2. DATA WE COLLECT	2. DADOS QUE COLETAMOS
3 · ¿Para qué lo necesitas?	3 · What do you need it for?	3 · Para que você precisa?
3. FINALIDAD Y BASE LEGAL	3. PURPOSE AND LEGAL BASIS	3. FINALIDADE E BASE LEGAL
4 · Tu correo o teléfono (para enviarte el certificado)	4 · Your email or phone (to send you the certificate)	4 · Seu e-mail ou telefone (para enviar o certificado)
4. PUBLICIDAD DE LOS DATOS	4. PUBLICATION OF DATA	4. PUBLICIDADE DOS DADOS
5. DERECHOS DEL TITULAR	5. RIGHTS OF THE DATA SUBJECT	5. DIREITOS DO TITULAR
6. PLAZO DE CONSERVACIÓN	6. RETENTION PERIOD	6. PRAZO DE CONSERVAÇÃO
7. SEGURIDAD	7. SECURITY	7. SEGURANÇA
8. TRANSFERENCIA INTERNACIONAL	8. INTERNATIONAL TRANSFER	8. TRANSFERÊNCIA INTERNACIONAL
9. COOKIES Y ANALÍTICA	9. COOKIES AND ANALYTICS	9. COOKIES E ANÁLISE
Acceso:	Access:	Acesso:
ACREDITADOS	ACCREDITED	CREDENCIADOS
Actas oficiales de los campeonatos ya disputados, para descargar.	Official results sheets of past championships, to download.	Atas oficiais dos campeonatos já disputados, para baixar.
AFILIADOS A	AFFILIATED TO	FILIADOS À
al momento de inscribirse en una competencia, y el	when registering for a competition, and the	ao se inscrever em uma competição, e o
al personal autorizado de FECHIPO y no son publicados ni compartidos con terceros.	to authorised FECHIPO staff and are not published or shared with third parties.	ao pessoal autorizado da FECHIPO e não são publicados nem compartilhados com terceiros.
Alto Rendimiento	High Performance	Alto Rendimento
ARCHIVO	ARCHIVE	ARQUIVO
Atleta en sentadilla en el Sudamericano 2026	Athlete squatting at the 2026 South American Championship	Atleta no agachamento no Sul-Americano 2026
Aún no hay campeonatos disponibles.	No championships available yet.	Ainda não há campeonatos disponíveis.
Avanzado	Advanced	Avançado
Banca	Bench	Supino
Busca y selecciona tu nombre.	Search and select your name.	Busque e selecione seu nome.
Cada kilo	Every kilo	Cada quilo
CALCULADORA GL POINTS	GL POINTS CALCULATOR	CALCULADORA GL POINTS
Campeonato al que clasificaste...	Championship you qualified for...	Campeonato para o qual se classificou...
Campeonatos con inscripciones disponibles ahora	Championships open for registration now	Campeonatos com inscrições abertas agora
Cancelación / Eliminación:	Cancellation / Deletion:	Cancelamento / Exclusão:
Cargando actas…	Loading results sheets…	Carregando atas…
Cargando ranking…	Loading ranking…	Carregando ranking…
Certificar que clasifiqué a un campeonato	Certify that I qualified for a championship	Certificar que me classifiquei para um campeonato
cierra en	closes in	fecha em
cierra hoy	closes today	fecha hoje
club de pertenencia, categoría de peso, modalidad, resultados de competencias (pesos levantados, total, puntos GL), récords y logros.	club, weight class, division, competition results (weights lifted, total, GL points), records and achievements.	clube, categoria de peso, modalidade, resultados de competições (pesos levantados, total, pontos GL), recordes e conquistas.
Completa los campos	Fill in the fields	Preencha os campos
Con inscripciones cerradas — ya en preparación	Registration closed — already in preparation	Inscrições encerradas — já em preparação
Conexión no lista, intenta de nuevo.	Connection not ready, please try again.	Conexão não está pronta, tente novamente.
conocer qué datos personales suyos están almacenados en nuestros sistemas.	know which personal data about them is stored in our systems.	saber quais dados pessoais seus estão armazenados em nossos sistemas.
consentimiento del titular	consent of the data subject	consentimento do titular
CONTACTO	CONTACT	CONTATO
Contacto:	Contact:	Contato:
corregir datos inexactos o desactualizados.	correct inaccurate or outdated data.	corrigir dados inexatos ou desatualizados.
correo electrónico (voluntario, solo para notificaciones).	email (voluntary, only for notifications).	e-mail (voluntário, apenas para notificações).
Cuando haya una competencia transmitiéndose, aparece acá.	When a competition is being broadcast, it shows up here.	Quando houver uma competição sendo transmitida, ela aparece aqui.
Cuando termine un campeonato y se publique su acta, aparece acá para descargar.	When a championship ends and its results sheet is published, it shows up here to download.	Quando um campeonato terminar e sua ata for publicada, ela aparece aqui para baixar.
Cuarto	Fourth	Quarto
Cumplir obligaciones ante organismos internacionales afiliados (IPF, FESUPO).	Meet obligations to affiliated international bodies (IPF, FESUPO).	Cumprir obrigações perante organismos internacionais filiados (IPF, FESUPO).
De conformidad con la Ley N° 19.628 y la Ley N° 21.719, todo atleta tiene derecho a:	Under Law No. 19.628 and Law No. 21.719, every athlete has the right to:	Conforme a Lei Nº 19.628 e a Lei Nº 21.719, todo atleta tem direito a:
de la federación para el desarrollo de la actividad deportiva, conforme a los artículos 4° y 5° de la Ley N° 19.628.	of the federation for the development of the sporting activity, in accordance with articles 4 and 5 of Law No. 19.628.	da federação para o desenvolvimento da atividade esportiva, conforme os artigos 4º e 5º da Lei Nº 19.628.
Deja un correo o teléfono para enviarte el certificado.	Leave an email or phone number so we can send you the certificate.	Deixe um e-mail ou telefone para enviarmos o certificado.
Deportivos:	Sporting:	Esportivos:
DÍAS	DAYS	DIAS
Días, horarios, tandas y números de lote según la nominación final de FESUPO. El pesaje abre a la hora indicada y cierra 90 minutos después. El número de lote se sortea por sesión: se repite entre sesiones distintas, nunca dentro de la misma.	Days, times, sessions and lot numbers according to FESUPO's final nomination. Weigh-in opens at the stated time and closes 90 minutes later. Lot numbers are drawn per session: they repeat across different sessions, never within the same one.	Dias, horários, sessões e números de sorteio conforme a nominata final da FESUPO. A pesagem abre no horário indicado e fecha 90 minutos depois. O número de sorteio é por sessão: repete-se entre sessões diferentes, nunca dentro da mesma.
Días, sesiones y rondas · hora de pesaje, hora de competencia y número de lote	Days, sessions and rounds · weigh-in time, competition time and lot number	Dias, sessões e rodadas · horário da pesagem, horário da competição e número de sorteio
Documentos de acreditación:	Accreditation documents:	Documentos de credenciamento:
El powerlifting de Chile	Chilean powerlifting	O powerlifting do Chile
Elite Internacional	International Elite	Elite Internacional
Élite Nacional	National Elite	Elite Nacional
Emitir certificados de participación y logros deportivos.	Issue participation and sporting achievement certificates.	Emitir certificados de participação e conquistas esportivas.
EN CURSO / FINALIZADO	IN PROGRESS / FINISHED	EM ANDAMENTO / FINALIZADO
En el marco de las competencias internacionales, ciertos datos identificativos (nombre, categoría, resultados) pueden ser compartidos con la International Powerlifting Federation (IPF) y la Federación Sudamericana de Powerlifting (FESUPO), organizaciones que cuentan con sus propias políticas de protección de datos.	In international competitions, certain identifying data (name, category, results) may be shared with the International Powerlifting Federation (IPF) and the South American Powerlifting Federation (FESUPO), organisations with their own data protection policies.	No âmbito das competições internacionais, certos dados de identificação (nome, categoria, resultados) podem ser compartilhados com a International Powerlifting Federation (IPF) e a Federação Sul-Americana de Powerlifting (FESUPO), organizações que possuem suas próprias políticas de proteção de dados.
en esta modalidad	in this event	nesta modalidade
ENTRENADORES ACREDITADOS	ACCREDITED COACHES	TREINADORES CREDENCIADOS
Envíanos un mensaje	Send us a message	Envie-nos uma mensagem
ENVÍANOS UN MENSAJE	SEND US A MESSAGE	ENVIE-NOS UMA MENSAGEM
ENVIAR	SEND	ENVIAR
Enviar solicitud	Send request	Enviar solicitação
Equipado PL	Equipped PL	Equipado PL
es la entidad responsable del tratamiento de los datos personales recopilados a través de la plataforma YourLift.	is the entity responsible for processing the personal data collected through the YourLift platform.	é a entidade responsável pelo tratamento dos dados pessoais coletados pela plataforma YourLift.
Escribe tu nombre...	Type your name...	Digite seu nome...
Este campeonato no tiene cronograma publicado.	This championship has no published schedule.	Este campeonato não tem cronograma publicado.
estrictamente restringido	strictly restricted	estritamente restrito
FECHIPO · Federación Chilena de Powerlifting · Todos los derechos reservados	FECHIPO · Chilean Powerlifting Federation · All rights reserved	FECHIPO · Federação Chilena de Powerlifting · Todos os direitos reservados
FECHIPO implementa medidas técnicas y organizativas para proteger los datos personales contra accesos no autorizados, pérdida, destrucción o divulgación, incluyendo control de acceso por roles, autenticación segura y almacenamiento cifrado en servicios de nube certificados (Google Firebase).	FECHIPO implements technical and organisational measures to protect personal data against unauthorised access, loss, destruction or disclosure, including role-based access control, secure authentication and encrypted storage on certified cloud services (Google Firebase).	A FECHIPO implementa medidas técnicas e organizacionais para proteger os dados pessoais contra acessos não autorizados, perda, destruição ou divulgação, incluindo controle de acesso por funções, autenticação segura e armazenamento criptografado em serviços de nuvem certificados (Google Firebase).
FECHIPO se reserva el derecho de actualizar esta política para adaptarla a cambios normativos o funcionales de la plataforma. La fecha de última actualización siempre estará visible al inicio de este documento.	FECHIPO reserves the right to update this policy to adapt it to regulatory or functional changes to the platform. The last update date will always be visible at the top of this document.	A FECHIPO reserva-se o direito de atualizar esta política para adaptá-la a mudanças normativas ou funcionais da plataforma. A data da última atualização estará sempre visível no início deste documento.
Federación Chilena de Powerlifting (FECHIPO)	Chilean Powerlifting Federation (FECHIPO)	Federação Chilena de Powerlifting (FECHIPO)
FESUPO — Federación Sudamericana de Powerlifting	FESUPO — South American Powerlifting Federation	FESUPO — Federação Sul-Americana de Powerlifting
Fórmula oficial IPF · Solo kilogramos	Official IPF formula · Kilograms only	Fórmula oficial IPF · Somente quilogramas
fotografía de carnet, carnet de identidad (anverso y reverso), certificado de antidopaje (WADE), formulario de consentimiento IPF, pasaporte (cuando corresponda).	ID photo, national ID card (front and back), anti-doping certificate (WADE), IPF consent form, passport (where applicable).	foto 3x4, documento de identidade (frente e verso), certificado antidoping (WADE), formulário de consentimento IPF, passaporte (quando aplicável).
Gestionar inscripciones y acreditaciones en competencias oficiales de powerlifting.	Manage registrations and accreditations for official powerlifting competitions.	Gerenciar inscrições e credenciamentos em competições oficiais de powerlifting.
Identificación:	Identification:	Identificação:
indicando tu nombre completo, RUT y la solicitud específica. FECHIPO responderá en un plazo máximo de 30 días hábiles.	stating your full name, national ID and the specific request. FECHIPO will reply within a maximum of 30 business days.	informando seu nome completo, RUT e a solicitação específica. A FECHIPO responderá em no máximo 30 dias úteis.
Inscribirme	Register	Inscrever-me
INSCRIBIRME	REGISTER	INSCREVER-ME
inscripción(es)	registration(s)	inscrição(ões)
Inscripciones Abiertas	Registration Open	Inscrições Abertas
interés legítimo	legitimate interest	interesse legítimo
Intermedio	Intermediate	Intermediário
kg total	kg total	kg total
La base legal del tratamiento es el	The legal basis for processing is the	A base legal do tratamento é o
La solicitud de certificados no está habilitada por ahora. Vuelve más tarde o consulta con FECHIPO.	Certificate requests are not enabled right now. Come back later or ask FECHIPO.	A solicitação de certificados não está habilitada no momento. Volte mais tarde ou consulte a FECHIPO.
La tecnología del powerlifting chileno: inscripciones, nóminas, ranking nacional, récords y transmisión en vivo, todo en un solo lugar.	Chilean powerlifting technology: registrations, nominations, national ranking, records and live broadcast, all in one place.	A tecnologia do powerlifting chileno: inscrições, nominatas, ranking nacional, recordes e transmissão ao vivo, tudo em um só lugar.
Llevar el historial deportivo del atleta.	Keep the athlete's sporting history.	Manter o histórico esportivo do atleta.
Los datos deportivos (resultados, records, historial) se conservan de forma indefinida en tanto formen parte del historial oficial de competencias de FECHIPO.	Sporting data (results, records, history) are kept indefinitely as long as they are part of FECHIPO's official competition history.	Os dados esportivos (resultados, recordes, histórico) são mantidos indefinidamente enquanto fizerem parte do histórico oficial de competições da FECHIPO.
Los datos son tratados exclusivamente para:	Data are processed exclusively to:	Os dados são tratados exclusivamente para:
Los documentos de acreditación (carnet, WADE, etc.) son de acceso	Accreditation documents (ID card, WADE, etc.) have	Os documentos de credenciamento (identidade, WADE etc.) têm acesso
Los documentos de acreditación se conservan por el período mínimo necesario para cumplir con los requisitos de la competencia y las obligaciones ante organismos internacionales, y son eliminados o anonimizados transcurridos 5 años desde la última competencia del atleta, salvo solicitud de eliminación anticipada.	Accreditation documents are kept for the minimum period needed to meet competition requirements and obligations to international bodies, and are deleted or anonymised 5 years after the athlete's last competition, unless early deletion is requested.	Os documentos de credenciamento são mantidos pelo período mínimo necessário para cumprir os requisitos da competição e as obrigações perante organismos internacionais, e são excluídos ou anonimizados 5 anos após a última competição do atleta, salvo solicitação de exclusão antecipada.
Los resultados deportivos (nombre, club, categoría, pesos levantados, total, posición) son de carácter público, en concordancia con la naturaleza de las competencias oficiales y los estándares internacionales del deporte de fuerza.	Sporting results (name, club, category, weights lifted, total, placing) are public, in line with the nature of official competitions and the international standards of strength sports.	Os resultados esportivos (nome, clube, categoria, pesos levantados, total, colocação) são públicos, em concordância com a natureza das competições oficiais e os padrões internacionais dos esportes de força.
Lote	Lot	Sorteio
miércoles	Wednesday	quarta-feira
Mostrar el código QR de esta competencia	Show this competition's QR code	Mostrar o código QR desta competição
No figuras como seleccionado para ese campeonato, así que no puedes solicitar este certificado. Si crees que es un error, contacta a FECHIPO.	You are not listed as selected for that championship, so you cannot request this certificate. If you think this is a mistake, contact FECHIPO.	Você não consta como selecionado para esse campeonato, então não pode solicitar este certificado. Se acha que é um erro, contate a FECHIPO.
No figuras como seleccionado para este campeonato, así que no puedes solicitar este certificado. Si crees que es un error, contacta a FECHIPO.	You are not listed as selected for this championship, so you cannot request this certificate. If you think this is a mistake, contact FECHIPO.	Você não consta como selecionado para este campeonato, então não pode solicitar este certificado. Se acha que é um erro, contate a FECHIPO.
No hay campeonatos programados por el momento.	No championships scheduled at the moment.	Não há campeonatos programados no momento.
No hay cronogramas publicados por el momento.	No schedules published at the moment.	Não há cronogramas publicados no momento.
No se pudo cargar el generador de QR.	The QR generator could not be loaded.	Não foi possível carregar o gerador de QR.
nombre completo, RUT (número de identificación nacional), fecha de nacimiento, sexo.	full name, RUT (national ID number), date of birth, sex.	nome completo, RUT (número de identificação nacional), data de nascimento, sexo.
Nueva solicitud	New request	Nova solicitação
o usa el formulario de contacto al pie de esta página.	or use the contact form at the bottom of this page.	ou use o formulário de contato no rodapé desta página.
oponerse al tratamiento de sus datos en circunstancias justificadas.	object to the processing of their data in justified circumstances.	opor-se ao tratamento de seus dados em circunstâncias justificadas.
Oposición:	Objection:	Oposição:
Para ejercer cualquiera de estos derechos	To exercise any of these rights	Para exercer qualquer um desses direitos
Para el desarrollo de las actividades deportivas y la gestión de competencias, FECHIPO recopila los siguientes datos personales:	For the development of sporting activities and the management of competitions, FECHIPO collects the following personal data:	Para o desenvolvimento das atividades esportivas e a gestão de competições, a FECHIPO coleta os seguintes dados pessoais:
Para los fines que estime conveniente	For whatever purposes you see fit	Para os fins que considerar convenientes
Pesaje	Weigh-in	Pesagem
POLÍTICA DE	PRIVACY	POLÍTICA DE
Política de Privacidad	Privacy Policy	Política de Privacidade
Portabilidad:	Portability:	Portabilidade:
Primer	First	Primeiro
Principiante	Beginner	Iniciante
PRIVACIDAD	POLICY	PRIVACIDADE
Promoviendo la excelencia en el powerlifting y el desarrollo integral de atletas de fuerza en Chile.	Promoting excellence in powerlifting and the all-round development of strength athletes in Chile.	Promovendo a excelência no powerlifting e o desenvolvimento integral de atletas de força no Chile.
Próximo Campeonato	Next Championship	Próximo Campeonato
Próximos Campeonatos	Upcoming Championships	Próximos Campeonatos
Publicar resultados deportivos, ranking nacional y récords nacionales.	Publish sporting results, the national ranking and national records.	Publicar resultados esportivos, ranking nacional e recordes nacionais.
Quinto	Fifth	Quinto
Ranking Nacional	National Ranking	Ranking Nacional
recibir sus datos en formato legible cuando corresponda.	receive their data in a readable format where applicable.	receber seus dados em formato legível quando aplicável.
Récords Nacionales	National Records	Recordes Nacionais
Rectificación:	Rectification:	Retificação:
Resultados vía	Results via	Resultados via
Ronda	Round	Rodada
sábado	Saturday	sábado
Segundo	Second	Segundo
Selecciona campeonato	Select championship	Selecione o campeonato
Selecciona el campeonato al que clasificaste.	Select the championship you qualified for.	Selecione o campeonato para o qual se classificou.
Selecciona el campeonato.	Select the championship.	Selecione o campeonato.
Selecciona un campeonato.	Select a championship.	Selecione um campeonato.
Selecciona un campeonato...	Select a championship...	Selecione um campeonato...
Sexto	Sixth	Sexto
Sigue la competencia en tiempo real: atleta en tarima, intentos y resultados.	Follow the competition in real time: athlete on the platform, attempts and results.	Acompanhe a competição em tempo real: atleta na plataforma, tentativas e resultados.
Sin atletas en este cronograma.	No athletes in this schedule.	Sem atletas neste cronograma.
SIN CLUB	NO CLUB	SEM CLUBE
Sin datos de ranking para	No ranking data for	Sem dados de ranking para
Sin inscripciones.	No registrations.	Sem inscrições.
Solicita tu certificado oficial FECHIPO. Búscate, elige el campeonato y el motivo. Lo revisamos y te lo enviamos.	Request your official FECHIPO certificate. Find yourself, choose the championship and the reason. We review it and send it to you.	Solicite seu certificado oficial FECHIPO. Encontre seu nome, escolha o campeonato e o motivo. Nós revisamos e enviamos para você.
solicitar la eliminación de sus datos cuando ya no sean necesarios para los fines para los que fueron recopilados, o cuando retire su consentimiento.	request deletion of their data when no longer needed for the purposes for which they were collected, or when consent is withdrawn.	solicitar a exclusão de seus dados quando não forem mais necessários para os fins para os quais foram coletados, ou quando retirar seu consentimento.
Solicitud de certificado	Certificate request	Solicitação de certificado
Solicitud enviada	Request sent	Solicitação enviada
Start list por tarima y flight · entrenador y handlers	Start list by platform and flight · coach and handlers	Start list por plataforma e flight · treinador e handlers
Tercer	Third	Terceiro
TODAVÍA NO HAY ACTAS PUBLICADAS	NO RESULTS SHEETS PUBLISHED YET	AINDA NÃO HÁ ATAS PUBLICADAS
Todavía no hay cronograma publicado.	No schedule published yet.	Ainda não há cronograma publicado.
TOTAL DIRECTO	DIRECT TOTAL	TOTAL DIRETO
Tu correo electrónico	Your email	Seu e-mail
Tu mensaje...	Your message...	Sua mensagem...
Tu nombre	Your name	Seu nome
Tu solicitud fue enviada a FECHIPO. Te harán llegar el certificado al contacto que dejaste, una vez revisado.	Your request was sent to FECHIPO. Once reviewed, the certificate will be sent to the contact you provided.	Sua solicitação foi enviada à FECHIPO. Depois de revisada, o certificado será enviado ao contato que você deixou.
TUS MARCAS Y RESULTADO	YOUR LIFTS AND RESULT	SUAS MARCAS E RESULTADO
Última actualización:	Last updated:	Última atualização:
VER EN VIVO	WATCH LIVE	VER AO VIVO
VER NÓMINA	SEE NOMINATION	VER NOMINATA
Ver nóminas	See nominations	Ver nominatas
YourLift puede utilizar datos de navegación anónimos para mejorar la experiencia del usuario. No se utilizan cookies de rastreo comercial ni se comparten datos de navegación con terceros.	YourLift may use anonymous browsing data to improve the user experience. No commercial tracking cookies are used and browsing data is not shared with third parties.	O YourLift pode usar dados de navegação anônimos para melhorar a experiência do usuário. Não são usados cookies de rastreamento comercial nem compartilhados dados de navegação com terceiros.
correo@ejemplo.cl	email@example.com	email@exemplo.com
Peso muerto	Deadlift	Levantamento terra
No se pudo enviar:	Could not send:	Não foi possível enviar:
Cargando…	Loading…	Carregando…
· Tanda	· Session	· Sessão
Entrenador	Coach	Treinador
atleta(s)	athlete(s)	atleta(s)
Acta	Results sheet	Ata
HOMBRES	MEN	HOMENS
MUJERES	WOMEN	MULHERES
SEXO	SEX	SEXO
MODALIDAD	EVENT	MODALIDADE
ENTRENADORES	COACHES	TREINADORES
Sin resultados	No results	Sem resultados
día	day	dia
Cargando competencias…	Loading competitions…	Carregando competições…
NO HAY COMPETENCIAS EN VIVO	NO LIVE COMPETITIONS	NÃO HÁ COMPETIÇÕES AO VIVO
Inscripciones	Registrations	Inscrições
Inscripciones cerradas	Registration closed	Inscrições encerradas
Lugar	Place	Lugar
Categoría	Category	Categoria
País	Country	País
Modalidad	Event	Modalidade
Sudamericano 2026	South American 2026	Sul-Americano 2026
División	Division	Divisão
PESO CORPORAL (kg)	BODYWEIGHT (kg)	PESO CORPORAL (kg)
DÍA	DAY	DIA
Sentadilla	Squat	Agachamento
CATEGORÍA	CATEGORY	CATEGORIA
Archivo de transmisiones desde la implementación de YourLift en FECHIPO	Archive of broadcasts since YourLift was introduced at FECHIPO	Arquivo de transmissões desde a implementação do YourLift na FECHIPO
Cortesía de:	Courtesy of:	Cortesia de:
Fotos de los eventos · Click para ver al fotógrafo	Event photos · Click to see the photographer	Fotos dos eventos · Clique para ver o fotógrafo
Galería	Gallery	Galeria
No hay fotos aún	No photos yet	Ainda não há fotos
No hay transmisiones registradas	No broadcasts recorded	Não há transmissões registradas
Transmisiones pasadas	Past broadcasts	Transmissões anteriores
VER EN YOUTUBE	WATCH ON YOUTUBE	VER NO YOUTUBE
Todos	All	Todos
Día	Day	Dia
· pesaje	· weigh-in	· pesagem
▲ CERRAR	▲ CLOSE	▲ FECHAR
▼ VER NÓMINA	▼ SEE NOMINATION	▼ VER NOMINATA
ACTIVA	ACTIVE	ATIVA
Año	Year	Ano
Año nac.	Birth year	Ano nasc.
Buscar atleta, equipo o universidad...	Search athlete, team or university...	Buscar atleta, equipe ou universidade...
CERRADA	CLOSED	FECHADA
Cierre de Nómina	Nomination deadline	Fechamento da Nominata
Cierre de nómina:	Nomination deadline:	Fechamento da nominata:
Cierre Inscripciones	Registration deadline	Fechamento das Inscrições
de aprobación	approval	de aprovação
División «	Division «	Divisão «
ELIGE UNA MODALIDAD	CHOOSE AN EVENT	ESCOLHA UMA MODALIDADE
En 2+ disciplinas	In 2+ events	Em 2+ modalidades
EN VIVO	LIVE	AO VIVO
Equipo	Team	Equipe
Género	Gender	Gênero
Marcas nominadas · Sudamericano 2026 · Santiago de Chile	Nominated totals · South American 2026 · Santiago, Chile	Marcas nominadas · Sul-Americano 2026 · Santiago do Chile
No hay campeonatos activos. El administrador los publicará pronto.	No active championships. The administrator will publish them soon.	Não há campeonatos ativos. O administrador os publicará em breve.
Nómina manual	Manual nomination	Nominata manual
Países	Countries	Países
Por confirmar	To be confirmed	A confirmar
R = Reserva	R = Reserve	R = Reserva
Selecciona arriba la modalidad para ver su nómina ordenada por división y categoría.	Select the event above to see its nomination sorted by division and category.	Selecione acima a modalidade para ver sua nominata ordenada por divisão e categoria.
Sin atletas con esos filtros	No athletes with those filters	Sem atletas com esses filtros
Sin división	No division	Sem divisão
Ver en Google Maps	See on Google Maps	Ver no Google Maps
Ver ficha	See profile	Ver ficha
VER PERFIL COMPLETO	SEE FULL PROFILE	VER PERFIL COMPLETO
VER PERFIL YOURLIFT →	SEE YOURLIFT PROFILE →	VER PERFIL YOURLIFT →
Olimpiadas Especiales	Special Olympics	Olimpíadas Especiais
inscripción	registration	inscrição
Estado	Status	Status
inscripciones ·	registrations ·	inscrições ·
Universidad	University	Universidade
Cerrar	Close	Fechar
Competencia	Competition	Competição
VISTA PREVIA	PREVIEW	PRÉVIA
NÓMINA OFICIAL	OFFICIAL NOMINATION	NOMINATA OFICIAL
Clásico	Classic	Clássico
Equipado	Equipped	Equipado
Hombres	Men	Homens
Mujeres	Women	Mulheres
Limpiar	Clear	Limpar
— cuentan los resultados desde el	— results count from	— contam os resultados desde
· por puntos GL	· by GL points	· por pontos GL
1 de enero de	January 1st,	1º de janeiro de
Buscar atleta...	Search athlete...	Buscar atleta...
Ciclo abierto por	Cycle open for	Ciclo aberto por
con cada atleta en la división que le va a tocar. Los resultados son los mismos.	with each athlete in the division they will be in. Results are the same.	com cada atleta na divisão que lhe corresponderá. Os resultados são os mesmos.
el último Nacional	the last Nationals	o último Nacional
Estás viendo cómo queda el ranking el	You are viewing the ranking as of	Você está vendo como fica o ranking em
Filtrar por categoría de peso	Filter by weight class	Filtrar por categoria de peso
kg —	kg —	kg —
OE Femenino	SO Women	OE Feminino
OE Masculino	SO Men	OE Masculino
Por categoría	By category	Por categoria
Sin resultados en esta modalidad	No results in this event	Sem resultados nesta modalidade
todas las categorías	all categories	todas as categorias
Universitario Femenino	University Women	Universitário Feminino
Universitario Masculino	University Men	Universitário Masculino
Ver temporada	See season	Ver temporada
Volver a	Back to	Voltar a
Universitario	University	Universitário
Mi Perfil	My Profile	Meu Perfil
Menú	Menu	Menu
Todas	All	Todas
Categorías	Categories	Categorias
Bench Classic Femenino	Classic Bench Women	Bench Classic Feminino
Bench Classic Masculino	Classic Bench Men	Bench Classic Masculino
Bench Equipado Femenino	Equipped Bench Women	Bench Equipado Feminino
Bench Equipado Masculino	Equipped Bench Men	Bench Equipado Masculino
Classic Femenino	Classic Women	Classic Feminino
Classic Masculino	Classic Men	Classic Masculino
Equipado Femenino	Equipped Women	Equipado Feminino
Equipado Masculino	Equipped Men	Equipado Masculino
← Volver a YourLift	← Back to YourLift	← Voltar ao YourLift
Volver a YourLift	Back to YourLift	Voltar ao YourLift
Atleta	Athlete	Atleta
No hay récords con estos filtros	No records with these filters	Não há recordes com estes filtros
Marca	Mark	Marca
Peso Muerto	Deadlift	Levantamento Terra
Campeonato	Championship	Campeonato
Récords	Records	Recordes
Press Banca	Bench Press	Supino
Todas las categorías	All categories	Todas as categorias
Todas las divisiones	All divisions	Todas as divisões
— TIEMPO	— TIME	— TEMPO
← ANTERIOR	← PREVIOUS	← ANTERIOR
auto-rellenado:	autofilled:	preenchido automaticamente:
Azul · Rojo · Blanco	Blue · Red · White	Azul · Vermelho · Branco
Azul (por defecto)	Blue (default)	Azul (padrão)
Azul bandera · Blanco	Flag blue · White	Azul bandeira · Branco
Azul competición · Dorado	Competition blue · Gold	Azul competição · Dourado
Azul pizarra · Letras blancas	Slate blue · White letters	Azul ardósia · Letras brancas
Azul profundo · Dorado	Deep blue · Gold	Azul profundo · Dourado
Break activado (5 min)	Break on (5 min)	Intervalo ativado (5 min)
BREAK ENTRE LIFTS	BREAK BETWEEN LIFTS	INTERVALO ENTRE LIFTS
Campeonato de Debutantes	Debutants Championship	Campeonato de Estreantes
Canadá	Canada	Canadá
DEMO — Campeonato Universitario FECHIPO 2026	DEMO — FECHIPO University Championship 2026	DEMO — Campeonato Universitário FECHIPO 2026
España	Spain	Espanha
Fondo rojo oscuro · Dorado	Dark red background · Gold	Fundo vermelho escuro · Dourado
Gris	Grey	Cinza
INVITADOS/AS · FUERA DE COMPETENCIA	GUESTS · OUT OF COMPETITION	CONVIDADOS · FORA DE COMPETIÇÃO
México	Mexico	México
Panamá	Panama	Panamá
Perú	Peru	Peru
Pizarra	Slate	Ardósia
PRÁCTICA — Jueces (datos ficticios, no oficial)	PRACTICE — Referees (fictitious data, unofficial)	PRÁTICA — Árbitros (dados fictícios, não oficial)
Press de banca (Only Bench)	Bench press (Bench Only)	Supino (Only Bench)
Puro negro · Dorado	Pure black · Gold	Preto puro · Dourado
Record Anterior	Previous Record	Recorde Anterior
Rojo · Dorado · Azul marino	Red · Gold · Navy blue	Vermelho · Dourado · Azul marinho
Rojo Intenso	Intense Red	Vermelho Intenso
SIGUIENTE →	NEXT →	PRÓXIMO →
SIMULAR RÉCORD	SIMULATE RECORD	SIMULAR RECORDE
Squat → Bench Press	Squat → Bench Press	Agachamento → Supino
Sudamericano Chile	South American Chile	Sul-Americano Chile
Surinam	Suriname	Suriname
Universidad de Chile	University of Chile	Universidade do Chile
YourLift Bandera	YourLift Flag	YourLift Bandeira
Brasil	Brazil	Brasil
Estados Unidos	United States	Estados Unidos
Press de banca	Bench press	Supino
s para entregar intento	s to submit attempt	s para entregar a tentativa
TIEMPO	TIME	TEMPO
Tiempo expirado — requiere aprobación del jurado	Time expired — requires jury approval	Tempo esgotado — requer aprovação do júri
PERFIL	PROFILE	PERFIL
Bronce	Bronze	Bronze
Oro	Gold	Ouro
Plata	Silver	Prata
ONLY BENCH EQUIPADO	EQUIPPED BENCH ONLY	ONLY BENCH EQUIPADO
Atleta:	Athlete:	Atleta:
Mostrando	Showing	Mostrando
Azul	Blue	Azul
Negro	Black	Preto
POWERLIFTING EQUIPADO	EQUIPPED POWERLIFTING	POWERLIFTING EQUIPADO
PAUSADO	PAUSED	PAUSADO
, errores	, errors	, erros
(antes	(before	(antes
Apareceran inmediatamente en los perfiles de cada atleta y en el ranking general. ¿Confirmar?	They will appear immediately on each athlete's profile and in the overall ranking. Confirm?	Aparecerão imediatamente nos perfis de cada atleta e no ranking geral. Confirmar?
atletas de otros países quedan fuera (no van al ranking nacional).	athletes from other countries are left out (they do not go to the national ranking).	atletas de outros países ficam de fora (não entram no ranking nacional).
CERRAR COMPETENCIA Evento:	CLOSE COMPETITION Event:	ENCERRAR COMPETIÇÃO Evento:
Competencia "	Competition "	Competição "
Competencia cerrada:	Competition closed:	Competição encerrada:
con total válido •	with a valid total •	com total válido •
en ranking Only Bench	in the Bench Only ranking	no ranking Only Bench
Este es un evento de PRUEBA (ensayo). Sus resultados no se publican en el ranking ni en los perfiles.	This is a TEST event (rehearsal). Its results are not published in the ranking or on profiles.	Este é um evento de TESTE (ensaio). Seus resultados não são publicados no ranking nem nos perfis.
fallaron — revisa la consola (F12).	failed — check the console (F12).	falharam — verifique o console (F12).
Firebase no está listo. Vuelve a intentar en 5 segundos.	Firebase is not ready. Try again in 5 seconds.	O Firebase não está pronto. Tente novamente em 5 segundos.
Los resultados se publicaron, pero NO se pudieron actualizar los récords nacionales:	The results were published, but the national records could NOT be updated:	Os resultados foram publicados, mas NÃO foi possível atualizar os recordes nacionais:
marcados como DQ •	marked as DQ •	marcados como DQ •
No hay evento cargado.	No event loaded.	Nenhum evento carregado.
Powerlifting Classic Universitario	University Classic Powerlifting	Powerlifting Classic Universitário
Publicados	Published	Publicados
Publicando resultados...	Publishing results...	Publicando resultados...
Puedes hacerlo con el botón "Récords nacionales".	You can do it with the "National records" button.	Você pode fazer isso com o botão "Recordes nacionais".
récords nacionales actualizados:	national records updated:	recordes nacionais atualizados:
resultados publicados	results published	resultados publicados
resultados publicados. Ya son visibles en yourlift.cl/atleta y en el ranking.	results published. They are now visible at yourlift.cl/atleta and in the ranking.	resultados publicados. Já estão visíveis em yourlift.cl/atleta e no ranking.
Se publicarán los resultados en Firestore: •	Results will be published to Firestore: •	Os resultados serão publicados no Firestore: •
Se publicaron	Published	Foram publicados
Solo se publican los CHILENOS:	Only CHILEANS are published:	Só são publicados os CHILENOS:
Ya se ven en yourlift.cl → Récords.	Now visible at yourlift.cl → Records.	Já aparecem em yourlift.cl → Recordes.
— al final de la ronda	— at the end of the round	— no final da rodada
— AL FINAL DE LA RONDA	— AT THE END OF THE ROUND	— NO FINAL DA RODADA
— para cuando le corresponde descanso extra sin ser un 4º intento (ej. abre dos intentos seguidos).	— for when extra rest is due without it being a 4th attempt (e.g. takes two attempts in a row).	— para quando cabe descanso extra sem ser uma 4ª tentativa (ex.: faz duas tentativas seguidas).
— repite su	— repeats their	— repete sua
— se sigue a sí mismo	— follows themselves	— segue a si mesmo
— SE SIGUE A SÍ MISMO	— FOLLOWS THEMSELVES	— SEGUE A SI MESMO
— sin peso declarado	— no declared weight	— sem peso declarado
— supera	— exceeds	— supera
— tanda	— session	— sessão
: cambiado a NULO	: changed to NO LIFT	: alterado para NULO
: cambiado a VÁLIDO	: changed to GOOD LIFT	: alterado para VÁLIDO
: decisión revocada	: decision revoked	: decisão revogada
: intento	: attempt	: tentativa
: pasa de	: goes from	: passa de
¿Estás seguro de ANULAR la decisión?	Are you sure you want to CANCEL the decision?	Tem certeza de que deseja ANULAR a decisão?
¿Estás seguro de REVERTIR la decisión?	Are you sure you want to REVERSE the decision?	Tem certeza de que deseja REVERTER a decisão?
. ¿Confirmar igualmente?	. Confirm anyway?	. Confirmar mesmo assim?
. El intento quedará SIN decisión (pendiente de nuevo).	. The attempt will be left WITHOUT a decision (pending again).	. A tentativa ficará SEM decisão (pendente novamente).
· al final de la ronda	· at the end of the round	· no final da rodada
· EN TARIMA AHORA	· ON THE PLATFORM NOW	· NA PLATAFORMA AGORA
· Int	· Att	· Tent
· próximo:	· next:	· próximo:
· se sigue a sí mismo	· follows themselves	· segue a si mesmo
(al final de la ronda)	(at the end of the round)	(no final da rodada)
(se sigue a sí mismo)	(follows themselves)	(segue a si mesmo)
(sin récord)	(no record)	(sem recorde)
(solo lo ves tú acá — no es público)	(only you see this here — it is not public)	(só você vê isto aqui — não é público)
↷ Rehacer	↷ Redo	↷ Refazer
⤓ Auto-scroll	⤓ Auto-scroll	⤓ Auto-scroll
4 min · por defecto	4 min · default	4 min · padrão
4º intento	4th attempt	4ª tentativa
4º INTENTO	4TH ATTEMPT	4ª TENTATIVA
4º intento —	4th attempt —	4ª tentativa —
Acomoda la tabla automáticamente al atleta en tarima (como LiftingCast)	Scrolls the table automatically to the athlete on the platform (like LiftingCast)	Ajusta a tabela automaticamente ao atleta na plataforma (como o LiftingCast)
ACTIVADO	ON	ATIVADO
Antepenúltimo · 2 min	Third to last · 2 min	Antepenúltimo · 2 min
APAGADO	OFF	DESLIGADO
Asignar un tiempo compensatorio a mano (ej. el atleta abre dos intentos seguidos)	Assign compensatory time manually (e.g. the athlete takes two attempts in a row)	Atribuir um tempo compensatório manualmente (ex.: o atleta faz duas tentativas seguidas)
Auto-rellenar intento al vencer el timer (nulo=mismo peso, válido=+2.5kg)	Autofill attempt when the timer runs out (no lift = same weight, good lift = +2.5kg)	Preencher a tentativa ao vencer o timer (nulo = mesmo peso, válido = +2,5kg)
Cambiar o revocar la decisión de este intento	Change or revoke the decision for this attempt	Alterar ou revogar a decisão desta tentativa
Cerrar el tiempo compensatorio	Close the compensatory time	Encerrar o tempo compensatório
Click en cualquier casillero para editar el peso del intento. Los botones GOOD / NO LIFT grandes aparecen solo en la tanda e intento que se está juzgando ahora (arriba).	Click any cell to edit the attempt weight. The big GOOD / NO LIFT buttons appear only on the session and attempt being judged now (top).	Clique em qualquer célula para editar o peso da tentativa. Os botões grandes GOOD / NO LIFT aparecem só na sessão e tentativa que está sendo julgada agora (acima).
Click para editar BW + alturas de rack	Click to edit BW + rack heights	Clique para editar BW + alturas do rack
COMPENSATORIO MANUAL	MANUAL COMPENSATORY TIME	TEMPO COMPENSATÓRIO MANUAL
Copiar el link de la vista de espectador (lo que ve el público) para compartir	Copy the spectator view link (what the public sees) to share	Copiar o link da visão do espectador (o que o público vê) para compartilhar
el atleta lo toma AL FINAL de la ronda en curso — forma habitual IPF de conceder el intento por un error ajeno: espera al final de la ronda para repetir. Tiempo compensatorio opcional.	the athlete takes it AT THE END of the current round — the usual IPF way of granting the attempt after someone else's error: wait until the end of the round to repeat. Optional compensatory time.	o atleta faz NO FINAL da rodada em curso — forma habitual da IPF de conceder a tentativa por um erro alheio: espera o final da rodada para repetir. Tempo compensatório opcional.
el atleta se sigue a sí mismo (repite ENSEGUIDA el mismo intento). Se usa en: intento de récord, peso muerto (deadlift) en 3ª ronda, only bench en 3ª ronda, o cuando se le concede retomar por un error ajeno. Se le da un tiempo compensatorio de descanso (por defecto 4 min) que corre a la vista, sin bloquear el válido/nulo (criterio IPF).	the athlete follows themselves (repeats the same attempt RIGHT AWAY). Used for: record attempts, deadlift in round 3, bench only in round 3, or when a retake is granted after someone else's error. A compensatory rest time is given (4 min by default) that runs on screen, without blocking good/no lift (IPF criterion).	o atleta segue a si mesmo (repete IMEDIATAMENTE a mesma tentativa). Usa-se em: tentativa de recorde, levantamento terra na 3ª rodada, only bench na 3ª rodada, ou quando se concede refazer por um erro alheio. Dá-se um tempo compensatório de descanso (4 min por padrão) que corre à vista, sem bloquear válido/nulo (critério IPF).
El cambio de intento ya no es válido	The attempt change is no longer valid	A mudança de tentativa já não é válida
El nombre no puede quedar vacío	The name cannot be empty	O nome não pode ficar vazio
el PC de OBS o en una pantalla de apoyo. Para que escriba, cámbiala a Controlador.	the OBS PC or on a support screen. To make it write, switch it to Controller.	o PC do OBS ou em uma tela de apoio. Para que escreva, mude-a para Controlador.
El servidor rechazó la escritura por permisos: la sesión pudo haber caducado. Vuelve a entrar.	The server rejected the write due to permissions: the session may have expired. Log in again.	O servidor recusou a gravação por permissões: a sessão pode ter expirado. Entre novamente.
El tiempo depende de la posición del atleta en la ronda (el minuto normal de descanso ya está considerado).	The time depends on the athlete's position in the round (the normal minute of rest is already included).	O tempo depende da posição do atleta na rodada (o minuto normal de descanso já está considerado).
Empieza	Starts	Começa
EN LÍNEA	ONLINE	ONLINE
está marcado como	is marked as	está marcado como
Esta pantalla mira, no escribe. Está bien así: es lo que corresponde en	This screen watches, it does not write. That is fine: it is what is expected on	Esta tela observa, não escreve. Está certo assim: é o esperado no
Esta pantalla sigue a la tarima: el movimiento, la ronda y la tanda te los mueve quien opera	This screen follows the platform: the lift, round and session are moved for you by the operator	Esta tela segue a plataforma: o movimento, a rodada e a sessão são movidos por quem opera
FALTA UN INTENTO EXTRA	AN EXTRA ATTEMPT IS PENDING	FALTA UMA TENTATIVA EXTRA
Fija este intento como NULO (corrección manual, sin efectos de tarima).	Sets this attempt as NO LIFT (manual correction, no platform effects).	Define esta tentativa como NULA (correção manual, sem efeitos na plataforma).
Fija este intento como VÁLIDO (corrección manual, sin efectos de tarima).	Sets this attempt as GOOD LIFT (manual correction, no platform effects).	Define esta tentativa como VÁLIDA (correção manual, sem efeitos na plataforma).
final de ronda	end of round	final da rodada
Hace	ago	Há
Hay conexión, pero esta pantalla no está escuchando ningún campeonato. Vuelve a elegirlo.	There is a connection, but this screen is not listening to any championship. Choose it again.	Há conexão, mas esta tela não está ouvindo nenhum campeonato. Escolha-o novamente.
Iniciar	Start	Iniciar
Iniciar el reloj (ej. cuando se va a tirar el intento extra)	Start the clock (e.g. when the extra attempt is about to be taken)	Iniciar o relógio (ex.: quando for fazer a tentativa extra)
Int	Att	Tent
intento en	attempt at	tentativa em
intento extra	extra attempt	tentativa extra
Intento extra	Extra attempt	Tentativa extra
INTENTO EXTRA	EXTRA ATTEMPT	TENTATIVA EXTRA
Intento extra —	Extra attempt —	Tentativa extra —
Intento extra compensatorio — repite este intento	Compensatory extra attempt — repeats this attempt	Tentativa extra compensatória — repete esta tentativa
JUZGANDO AHORA	JUDGING NOW	JULGANDO AGORA
kg — supera	kg — exceeds	kg — supera
kg parece muy bajo para la categoría	kg seems very low for the category	kg parece muito baixo para a categoria
kg) — bloqueado	kg) — blocked	kg) — bloqueado
kg) menor al intento	kg) lower than attempt	kg) menor que a tentativa
la sesión siguiente	the next session	a sessão seguinte
La última escritura falló y se sigue reintentando solo.	The last write failed and is being retried automatically.	A última gravação falhou e continua sendo tentada automaticamente.
Lift inválido	Invalid lift	Lift inválido
Link espectador	Spectator link	Link do espectador
Mandando los últimos cambios al servidor.	Sending the latest changes to the server.	Enviando as últimas alterações ao servidor.
Marcado como actual:	Marked as current:	Marcado como atual:
Marcar como actual	Mark as current	Marcar como atual
Marcar intento nulo	Mark attempt as no lift	Marcar tentativa nula
Marcar intento válido	Mark attempt as good lift	Marcar tentativa válida
min ·	min ·	min ·
min compensatorio	compensatory min	min compensatório
min compensatorios para	compensatory min for	min compensatórios para
Mirar otra tanda u otro movimiento sin mover a los demás. Los pesos y las decisiones se siguen compartiendo.	Look at another session or lift without moving the others. Weights and decisions are still shared.	Ver outra sessão ou outro movimento sem mover os demais. Os pesos e as decisões continuam compartilhados.
mismo intento — se marca solo	same attempt — marked automatically	mesma tentativa — marca-se sozinha
no bloquea: puedes dar válido/nulo cuando quieras	does not block: you can give good/no lift whenever you want	não bloqueia: você pode dar válido/nulo quando quiser
No hay atleta en tarima para asignarle tiempo	No athlete on the platform to assign time to	Não há atleta na plataforma para atribuir tempo
No hay conexión con el servidor. Se reintenta solo — revisa el internet del lugar.	No connection to the server. Retrying automatically — check the venue's internet.	Sem conexão com o servidor. Tenta novamente sozinho — verifique a internet do local.
NO SE GUARDA	NOT SAVED	NÃO É SALVO
No se pudo llegar al servidor: es la conexión. Se sigue reintentando solo.	Could not reach the server: it is the connection. Retrying automatically.	Não foi possível chegar ao servidor: é a conexão. Continua tentando sozinho.
Nombre corregido:	Name corrected:	Nome corrigido:
Nombre del atleta Se corrige en la tarima, el acta y la transmisión. (La inscripción en Admin no cambia.)	Athlete name It is corrected on the platform, the results sheet and the broadcast. (The Admin registration does not change.)	Nome do atleta Corrige-se na plataforma, na ata e na transmissão. (A inscrição no Admin não muda.)
Nuevo peso (kg):	New weight (kg):	Novo peso (kg):
Pausar	Pause	Pausar
Pausar el reloj	Pause the clock	Pausar o relógio
Penúltimo · 3 min	Second to last · 3 min	Penúltimo · 3 min
Peso actual:	Current weight:	Peso atual:
Queda intento extra sin levantar en	Extra attempt still to be lifted in	Falta levantar tentativa extra em
RANKING GL	GL RANKING	RANKING GL
RÉC. TOTAL	TOTAL REC.	REC. TOTAL
RÉC+TOTAL	REC+TOTAL	REC+TOTAL
RÉCORD DE TOTAL	TOTAL RECORD	RECORDE DE TOTAL
Ronda completada — avanzando…	Round completed — moving on…	Rodada concluída — avançando…
s que hay cambios sin confirmar. La conexión está lenta o cortada — se sigue intentando.	s with unconfirmed changes. The connection is slow or down — still trying.	s com alterações não confirmadas. A conexão está lenta ou caiu — continua tentando.
Salta la cola y pone este intento como el que está en tarima ahora (por si se pasó por alto al atleta).	Skips the queue and sets this attempt as the one on the platform now (in case the athlete was overlooked).	Pula a fila e põe esta tentativa como a que está na plataforma agora (caso o atleta tenha sido esquecido).
se sigue a sí mismo	follows themselves	segue a si mesmo
Se toma al final de la ronda, antes de seguir. ¿Avanzar igual?	It is taken at the end of the round, before moving on. Advance anyway?	É feita no final da rodada, antes de seguir. Avançar mesmo assim?
Sigue la competencia · sin tiempo	Follows the competition · no time	Segue a competição · sem tempo
Siguiente →	Next →	Próximo →
Sin atletas cargados	No athletes loaded	Sem atletas carregados
sin BW	no BW	sem BW
SIN CAMPEONATO	NO CHAMPIONSHIP	SEM CAMPEONATO
SIN CONEXIÓN	OFFLINE	SEM CONEXÃO
sin peso declarado	no declared weight	sem peso declarado
Sin tiempo compensatorio	No compensatory time	Sem tempo compensatório
Sin totales	No totals	Sem totais
Solo el que opera puede corregir el nombre	Only the operator can correct the name	Só quem opera pode corrigir o nome
SOLO LECTURA	READ ONLY	SOMENTE LEITURA
TAMAÑO (casillas, nombres, lote)	SIZE (cells, names, lot)	TAMANHO (células, nomes, sorteio)
TANDA EN TARIMA (Control TX)	SESSION ON THE PLATFORM (TX Control)	SESSÃO NA PLATAFORMA (Controle TX)
TANDA QUE ESTÁS MIRANDO (solo para ti)	SESSION YOU ARE VIEWING (only for you)	SESSÃO QUE VOCÊ ESTÁ VENDO (só para você)
Te mueves por tu cuenta y no arrastras a nadie. Lo que cargues lo siguen viendo todos. La tarima está en	You move on your own and do not drag anyone along. Whatever you enter is still seen by everyone. The platform is at	Você se move por conta própria e não arrasta ninguém. O que você inserir continua sendo visto por todos. A plataforma está em
TIEMPO COMPENSATORIO A DAR:	COMPENSATORY TIME TO GIVE:	TEMPO COMPENSATÓRIO A DAR:
Tiempo compensatorio de descanso completo (4 min por defecto).	Full compensatory rest time (4 min by default).	Tempo compensatório de descanso completo (4 min por padrão).
TIEMPO COMPENSATORIO MANUAL	MANUAL COMPENSATORY TIME	TEMPO COMPENSATÓRIO MANUAL
TIEMPO EXPIRADO —	TIME EXPIRED —	TEMPO ESGOTADO —
Tiempo para el próximo intento	Time to next attempt	Tempo para a próxima tentativa
Timer de cambio (60s entre intentos)	Change timer (60s between attempts)	Timer de mudança (60s entre tentativas)
Timer expirado — peso ingresado igual	Timer expired — weight entered anyway	Timer esgotado — peso inserido mesmo assim
TODAS LAS TANDAS	ALL SESSIONS	TODAS AS SESSÕES
todavía no se guardó nada desde esta pantalla	nothing has been saved from this screen yet	nada foi salvo desta tela ainda
Todo guardado —	All saved —	Tudo salvo —
Último de la ronda · 4 min	Last of the round · 4 min	Último da rodada · 4 min
último guardado hace	last saved	último salvamento há
VISTA LIBRE	FREE VIEW	VISÃO LIVRE
VOLVER A LA TARIMA	BACK TO THE PLATFORM	VOLTAR À PLATAFORMA
Volver el reloj a 1:00	Reset the clock to 1:00	Voltar o relógio para 1:00
ya tiene un intento extra en	already has an extra attempt in	já tem uma tentativa extra em
TANDA	SESSION	SESSÃO
↶ Deshacer	↶ Undo	↶ Desfazer
Cancelar	Cancel	Cancelar
, tanda	, session	, sessão
4º intento eliminado:	4th attempt deleted:	4ª tentativa excluída:
APAGAR	TURN OFF	DESLIGAR
TIEMPO COMPENSATORIO	COMPENSATORY TIME	TEMPO COMPENSATÓRIO
ACTUAL	CURRENT	ATUAL
El peso	The weight	O peso
LOTE	LOT	SORTEIO
Posición actual → posición si el intento es válido	Current position → position if the attempt is good	Posição atual → posição se a tentativa for válida
RÉCORD	RECORD	RECORDE
POSICIÓN	POSITION	POSIÇÃO
GUARDANDO…	SAVING…	SALVANDO…
ACTIVAR	TURN ON	ATIVAR
RONDA COMPLETADA	ROUND COMPLETED	RODADA CONCLUÍDA
Eliminar	Delete	Excluir
¿CUÁNTOS MINUTOS?	HOW MANY MINUTES?	QUANTOS MINUTOS?
· en tarima:	· on the platform:	· na plataforma:
↕ ORDENAR	↕ REORDER	↕ ORDENAR
⨯ ESCONDER TODO	⨯ HIDE ALL	⨯ ESCONDER TUDO
Ahora toca el botón con el que lo quieres cambiar.	Now tap the button you want to swap it with.	Agora toque no botão com o qual quer trocá-lo.
ARMADO · aparece al decidir	ARMED · shows on decision	ARMADO · aparece ao decidir
ARMADO · aparece al revertir	ARMED · shows on reversal	ARMADO · aparece ao reverter
atleta actual	current athlete	atleta atual
Cambiar los botones de lugar	Rearrange the buttons	Trocar os botões de lugar
CARGANDO EVENTO…	LOADING EVENT…	CARREGANDO EVENTO…
cartel de descanso	break sign	cartaz de intervalo
Categoría —	Category —	Categoria —
CLASIFICACIÓN	STANDINGS	CLASSIFICAÇÃO
Con esa combinación todavía no hay nadie con marca válida.	With that combination nobody has a valid mark yet.	Com essa combinação ainda não há ninguém com marca válida.
con esta URL (cámara de fondo + este overlay encima). No hace falta OBS WebSocket ni Stream Deck — este control empuja todo por internet.	with this URL (background camera + this overlay on top). No OBS WebSocket or Stream Deck needed — this control pushes everything over the internet.	com esta URL (câmera de fundo + este overlay por cima). Não precisa de OBS WebSocket nem Stream Deck — este controle envia tudo pela internet.
Conectando a Firebase… Si no conecta, revisa tu internet y que estés logueado como admin.	Connecting to Firebase… If it does not connect, check your internet and that you are logged in as admin.	Conectando ao Firebase… Se não conectar, verifique sua internet e se está logado como admin.
CONECTANDO…	CONNECTING…	CONECTANDO…
CONTROL REMOTO	REMOTE CONTROL	CONTROLE REMOTO
cronómetro	stopwatch	cronômetro
decisión del jurado	jury decision	decisão do júri
Descanso de	Break of	Intervalo de
División —	Division —	Divisão —
El cartel de descanso sale en pantalla con la cuenta regresiva. Para sacarlo antes de tiempo, vuelve a apretar YA VOLVEMOS.	The break sign shows on screen with the countdown. To remove it early, press WE'LL BE RIGHT BACK again.	O cartaz de intervalo aparece na tela com a contagem regressiva. Para tirá-lo antes, aperte JÁ VOLTAMOS novamente.
elegir podio	choose podium	escolher pódio
elige abajo ▾	choose below ▾	escolha abaixo ▾
Elige cuántos minutos	Choose how many minutes	Escolha quantos minutos
Elige los cuatro para poder mostrarlo.	Choose all four to be able to show it.	Escolha os quatro para poder exibi-lo.
elige los minutos ▾	choose the minutes ▾	escolha os minutos ▾
en el podio.	on the podium.	no pódio.
En OBS agrega	In OBS add	No OBS adicione
en pantalla	on screen	na tela
Esperando que cargue el evento. Asegúrate de abrir el link con	Waiting for the event to load. Make sure you open the link with	Aguardando o evento carregar. Certifique-se de abrir o link com
JURADO	JURY	JÚRI
LISTO	READY	PRONTO
LUCES	LIGHTS	LUZES
luces de jueces	referee lights	luzes dos árbitros
MARCADOR	SCOREBOARD	PLACAR
min en pantalla	min on screen	min na tela
Modalidad —	Event —	Modalidade —
MOSTRAR EN PANTALLA	SHOW ON SCREEN	MOSTRAR NA TELA
QUÉ MEDALLERO MOSTRAR	WHICH MEDAL TABLE TO SHOW	QUAL QUADRO DE MEDALHAS MOSTRAR
QUITAR DESCANSO	REMOVE BREAK	TIRAR INTERVALO
ranking cat.	cat. ranking	ranking cat.
RESTABLECER	RESET	RESTAURAR
Sexo —	Sex —	Sexo —
TABLA ACTUAL	CURRENT TABLE	TABELA ATUAL
Toca un botón y después otro: se cambian de lugar. Queda guardado en este equipo.	Tap one button and then another: they swap places. It is saved on this device.	Toque em um botão e depois em outro: eles trocam de lugar. Fica salvo neste aparelho.
un solo Browser Source	a single Browser Source	uma única Browser Source
USAR	USE	USAR
y estar logueado como admin.	and be logged in as admin.	e estar logado como admin.
Listo:	Done:	Pronto:
COPIAR	COPY	COPIAR
CONECTADO	CONNECTED	CONECTADO
EN PANTALLA	ON SCREEN	NA TELA
MEDALLERO	MEDAL TABLE	QUADRO DE MEDALHAS
YA VOLVEMOS	WE'LL BE RIGHT BACK	JÁ VOLTAMOS
— TANDA	— SESSION	— SESSÃO
. Revisa el Cronograma.	. Check the Schedule.	. Verifique o Cronograma.
. Sí entra	. It does count	. Entra sim
· Bronce	· Bronze	· Bronze
· falta guardar	· not saved yet	· falta salvar
· mejor marca de la competencia en cada casillero	· best mark of the competition in each cell	· melhor marca da competição em cada célula
· Plata	· Silver	· Prata
· PUNTOS IPF	· IPF POINTS	· PONTOS IPF
· tanda	· session	· sessão
(cont.)	(cont.)	(cont.)
(no registrado)	(not registered)	(não registrado)
ACTA OFICIAL DE RESULTADOS - POWERLIFTING CHILE	OFFICIAL RESULTS SHEET - POWERLIFTING CHILE	ATA OFICIAL DE RESULTADOS - POWERLIFTING CHILE
Acta PDF generada	Results sheet PDF generated	Ata em PDF gerada
Altura de Rack	Rack Height	Altura do Rack
ALTURA DE RACK	RACK HEIGHT	ALTURA DO RACK
Anterior	Previous	Anterior
atletas compiten en	athletes compete in	atletas competem em
atletas del campeonato, en un solo archivo"	championship athletes, in a single file"	atletas do campeonato, em um só arquivo"
Atletas que suman (máx. 5) / atletas del país	Scoring athletes (max. 5) / athletes from the country	Atletas que pontuam (máx. 5) / atletas do país
Buscando récords batidos…	Looking for broken records…	Buscando recordes quebrados…
Calcetas	Socks	Meias
Campeonato FECHIPO	FECHIPO Championship	Campeonato FECHIPO
Cat. de Peso	Weight class	Cat. de Peso
categorías ·	categories ·	categorias ·
Cinturon	Belt	Cinto
Comparando con la tabla de récords nacionales…	Comparing with the national records table…	Comparando com a tabela de recordes nacionais…
Descargar PDF	Download PDF	Baixar PDF
Detalle de medallas	Medal breakdown	Detalhe de medalhas
DETALLE DE MEDALLAS	MEDAL BREAKDOWN	DETALHE DE MEDALHAS
día asignado en el Cronograma, así que no aparece	day assigned in the Schedule, so it does not appear	dia atribuído no Cronograma, então não aparece
días	days	dias
DOCUMENTOS	DOCUMENTS	DOCUMENTOS
El mejor de cada division por GL points, mezclando todas las categorias de peso	The best of each division by GL points, mixing all weight classes	O melhor de cada divisão por GL points, misturando todas as categorias de peso
en los de todo el campeonato.	in the whole-championship ones.	nos de todo o campeonato.
en ningún documento por día:	in any per-day document:	em nenhum documento por dia:
EQUIPADO + ONLY BENCH	EQUIPPED + BENCH ONLY	EQUIPADO + ONLY BENCH
EQUIPOS	TEAMS	EQUIPES
Error al generar hoja de equipo:	Error generating team sheet:	Erro ao gerar folha de equipe:
Error al generar hoja de pesaje:	Error generating weigh-in sheet:	Erro ao gerar folha de pesagem:
Error al generar hoja de rack:	Error generating rack sheet:	Erro ao gerar folha de rack:
Error al generar papeletas:	Error generating attempt cards:	Erro ao gerar cartões de tentativas:
Error al generar PDF:	Error generating PDF:	Erro ao gerar PDF:
Error generando el Excel:	Error generating the Excel:	Erro ao gerar o Excel:
Error generando el PDF:	Error generating the PDF:	Erro ao gerar o PDF:
Excel generado	Excel generated	Excel gerado
FECHIPO - Federacion Chilena de Powerlifting	FECHIPO - Chilean Powerlifting Federation	FECHIPO - Federação Chilena de Powerlifting
FECHIPO — Federacion Chilena de Powerlifting	FECHIPO — Chilean Powerlifting Federation	FECHIPO — Federação Chilena de Powerlifting
Firma	Signature	Assinatura
Generando…	Generating…	Gerando…
GL Points por división y modalidad · clasificación por	GL Points by division and event · ranked by	GL Points por divisão e modalidade · classificação por
Guardar en la tabla de récords	Save to the records table	Salvar na tabela de recordes
Hoja de Pesaje	Weigh-in Sheet	Folha de Pesagem
HOJA DE PESAJE	WEIGH-IN SHEET	FOLHA DE PESAGEM
JUNTOS	TOGETHER	JUNTOS
La firma del atleta confirma conformidad con el pesaje y los primeros intentos declarados.	The athlete's signature confirms agreement with the weigh-in and the declared opening attempts.	A assinatura do atleta confirma conformidade com a pesagem e as primeiras tentativas declaradas.
La lista para marcar el equipamiento revisado a cada atleta.	The list to tick off each athlete's checked equipment.	A lista para marcar o equipamento revisado de cada atleta.
Las alturas de sentadilla y banca de cada atleta, para el equipo de tarima.	Each athlete's squat and bench heights, for the platform crew.	As alturas de agachamento e supino de cada atleta, para a equipe da plataforma.
Las mismas, sin el nombre escrito, para llenar a mano en la mesa.	The same, without the name written, to fill in by hand at the table.	As mesmas, sem o nome escrito, para preencher à mão na mesa.
Los casilleros sin récord previo vienen desmarcados.	Cells without a previous record come unticked.	As células sem recorde anterior vêm desmarcadas.
Marcas de atletas chilenos que superan la tabla nacional. Revisa, desmarca lo que no corresponda y guarda.	Marks by Chilean athletes that exceed the national table. Check, untick what does not apply and save.	Marcas de atletas chilenos que superam a tabela nacional. Revise, desmarque o que não corresponder e salve.
Medallas en Excel	Medals in Excel	Medalhas em Excel
Medallas en PDF	Medals in PDF	Medalhas em PDF
MEDALLAS POR TANDA	MEDALS BY SESSION	MEDALHAS POR SESSÃO
Medallero por	Medal table by	Quadro de medalhas por
MEDALLERO POR	MEDAL TABLE BY	QUADRO DE MEDALHAS POR
Mejor	Best	Melhor
Mejor GL	Best GL	Melhor GL
Mesa de pesaje	Weigh-in table	Mesa de pesagem
Movimiento	Lift	Movimento
Munequeras	Wrist wraps	Munhequeiras
N° Lote	Lot No.	Nº Sorteio
Nac.	Born	Nasc.
Negrita = intento válido · gris tachado = intento nulo · amarillo = récord sudamericano · [n] = puesto en ese movimiento	Bold = good lift · grey struck = no lift · yellow = South American record · [n] = place in that lift	Negrito = tentativa válida · cinza riscado = tentativa nula · amarelo = recorde sul-americano · [n] = posição nesse movimento
Negrita = intento valido. Gris tachado = intento nulo. Amarillo = record sudamericano. [n] = puesto en ese movimiento. YourLift - yourlift.cl	Bold = good lift. Grey struck = no lift. Yellow = South American record. [n] = place in that lift. YourLift - yourlift.cl	Negrito = tentativa válida. Cinza riscado = tentativa nula. Amarelo = recorde sul-americano. [n] = posição nesse movimento. YourLift - yourlift.cl
Ningún chileno superó un récord nacional en esta competencia.	No Chilean beat a national record in this competition.	Nenhum chileno superou um recorde nacional nesta competição.
Ninguno en este campeonato	None in this championship	Nenhum neste campeonato
Ninguno en este campeonato.	None in this championship.	Nenhum neste campeonato.
No hay atletas cargados todavía.	No athletes loaded yet.	Ainda não há atletas carregados.
No hay atletas en	No athletes in	Não há atletas em
No hay ningún récord marcado.	No record is ticked.	Nenhum recorde está marcado.
No hay resultados con esa selección	No results for that selection	Não há resultados com essa seleção
No hay resultados con esa selección.	No results for that selection.	Não há resultados com essa seleção.
No se pudo leer la tabla de récords:	Could not read the records table:	Não foi possível ler a tabela de recordes:
No se pudo leer la tabla de récords.	Could not read the records table.	Não foi possível ler a tabela de recordes.
no tiene	does not have	não tem
Nombre (modalidad inscrita)	Name (registered event)	Nome (modalidade inscrita)
Nombre y Apellido	First and last name	Nome e Sobrenome
Nuevo	New	Novo
OE ONLY BENCH	SO BENCH ONLY	OE ONLY BENCH
OVERALL POR DIVISION	OVERALL BY DIVISION	OVERALL POR DIVISÃO
OVERALL Y	OVERALL AND	OVERALL E
P.Corp.	BW	P.Corp.
Pag.	Page	Pág.
Pais	Country	País
país	country	país
PAISES	COUNTRIES	PAÍSES
PAÍSES	COUNTRIES	PAÍSES
Papeletas	Attempt cards	Cartões
Papeletas con nombre	Attempt cards with name	Cartões com nome
Papeletas de intentos	Attempt cards	Cartões de tentativas
Papeletas en blanco	Blank attempt cards	Cartões em branco
Para anotar peso corporal, aperturas y altura de rack a mano durante el pesaje.	To write down bodyweight, openers and rack height by hand during weigh-in.	Para anotar peso corporal, aberturas e altura do rack à mão durante a pesagem.
Peso corp.	Bodyweight	Peso corp.
Polera	T-shirt	Camiseta
POR CATEGORÍA	BY CATEGORY	POR CATEGORIA
POR CLUB	BY CLUB	POR CLUBE
POR DIVISIÓN	BY DIVISION	POR DIVISÃO
Por GL points ·	By GL points ·	Por GL points ·
POR PAÍS	BY COUNTRY	POR PAÍS
POR TANDA	BY SESSION	POR SESSÃO
Press de Banca	Bench Press	Supino
Pts equipo	Team pts	Pts equipe
Puntos	Points	Pontos
Puntos por equipo según su lugar en la categoría	Team points according to place in the category	Pontos por equipe conforme a colocação na categoria
Récord	Record	Recorde
Récord actual	Current record	Recorde atual
RÉCORD SUD:	S.A. RECORD:	RECORDE SUL:
RECORDS BATIDOS	RECORDS BROKEN	RECORDES QUEBRADOS
RÉCORDS BATIDOS —	RECORDS BROKEN —	RECORDES QUEBRADOS —
Récords en Excel	Records in Excel	Recordes em Excel
Récords en PDF	Records in PDF	Recordes em PDF
récords nacionales actualizados. Ya se ven en yourlift.cl.	national records updated. Now visible at yourlift.cl.	recordes nacionais atualizados. Já aparecem em yourlift.cl.
RÉCORDS NACIONALES DE CHILE	CHILEAN NATIONAL RECORDS	RECORDES NACIONAIS DO CHILE
Récords nacionales de Chile (atletas chilenos)	Chilean national records (Chilean athletes)	Recordes nacionais do Chile (atletas chilenos)
récords nacionales en la tabla que publica yourlift.cl. ¿Confirmar?	national records in the table published by yourlift.cl. Confirm?	recordes nacionais na tabela publicada por yourlift.cl. Confirmar?
Récords sudamericanos	South American records	Recordes sul-americanos
RESUMEN	SUMMARY	RESUMO
REVISION DE EQUIPO	EQUIPMENT CHECK	REVISÃO DE EQUIPAMENTO
Revisión de Equipo	Equipment Check	Revisão de Equipamento
Rodilleras	Knee sleeves	Joelheiras
Ropa Int.	Underwear	Roupa íntima
s no tienen	s do not have	s não têm
Se actualizarán	Will be updated	Serão atualizados
según el reglamento IPF	according to the IPF rulebook	conforme o regulamento IPF
sin record previo	no previous record	sem recorde anterior
sin récord previo	no previous record	sem recorde anterior
Suman	Scoring	Pontuam
Tarima	Platform	Plataforma
TODAS	ALL	TODAS
Todavía no hay resultados	No results yet	Ainda não há resultados
Todavía no hay resultados para repartir medallas	No results yet to award medals	Ainda não há resultados para distribuir medalhas
Todo el campeonato ·	Whole championship ·	Todo o campeonato ·
Una papeleta por atleta, con el nombre ya impreso tal como está en la nómina.	One card per athlete, with the name already printed as it is in the nomination.	Um cartão por atleta, com o nome já impresso como está na nominata.
UNIVERSIDADES · PUNTOS IPF	UNIVERSITIES · IPF POINTS	UNIVERSIDADES · PONTOS IPF
Verde = intento valido. Rojo tachado = nulo. Columna con * = 4to intento. OV = gano el overall de su division.	Green = good lift. Red struck = no lift. Column with * = 4th attempt. OV = won the overall of their division.	Verde = tentativa válida. Vermelho riscado = nula. Coluna com * = 4ª tentativa. OV = venceu o overall da sua divisão.
Nuevo récord	New record	Novo recorde
Medalla	Medal	Medalha
No se pudo generar el PDF:	Could not generate the PDF:	Não foi possível gerar o PDF:
Nombre	Name	Nome
Sexo	Sex	Sexo
CLUBES	CLUBS	CLUBES
No se pudo guardar:	Could not save:	Não foi possível salvar:
categorías	categories	categorias
Division	Division	Divisão
Por modalidad:	By event:	Por modalidade:
Premio	Award	Prêmio
Tanda	Session	Sessão
PAÍS	COUNTRY	PAÍS
CLUB	CLUB	CLUBE
INVITADO/A	GUEST	CONVIDADO/A
DIVISIÓN	DIVISION	DIVISÃO
EQUIPADO	EQUIPPED	EQUIPADO
Generando...	Generating...	Gerando...
De	Of	De
RÉCORDS SUDAMERICANOS	SOUTH AMERICAN RECORDS	RECORDES SUL-AMERICANOS
Acta FESUPO (PDF)	FESUPO results sheet (PDF)	Ata FESUPO (PDF)
Caballeros	Men	Masculino
CABALLEROS	MEN	MASCULINO
DAMAS	WOMEN	FEMININO
Generar Acta PDF	Generate PDF results sheet	Gerar Ata PDF
Ojo:	Note:	Atenção:
Overall y	Overall and	Overall e
países	countries	países
Récords batidos	Records broken	Recordes quebrados
Récords nacionales	National records	Recordes nacionais
Damas	Women	Feminino
Medallas	Medals	Medalhas
Premiación	Awards	Premiação
Puesto	Place	Posição
— son	— are	— são
⟳ Recargar	⟳ Reload	⟳ Recarregar
atletas · hace	athletes · ago	atletas · há
Atletas & Pesaje	Athletes & Weigh-in	Atletas e Pesagem
Cambiar a	Switch to	Mudar para
Cambiar a modo admin	Switch to admin mode	Mudar para modo admin
Cambiar a modo espectador	Switch to spectator mode	Mudar para modo espectador
Cambiar de competencia	Change competition	Mudar de competição
Carga datos y se	Enters data and	Carrega dados e se
Cerrar menú	Close menu	Fechar menu
Completa el correo y la contraseña	Enter your email and password	Preencha o e-mail e a senha
con los demás controladores.	with the other controllers.	com os demais controladores.
Conectando...	Connecting...	Conectando...
Controlador	Controller	Controlador
CONTROLADOR	CONTROLLER	CONTROLADOR
creado en admin	created in admin	criado no admin
Cuando haya una transmitiéndose, aparece acá.	When one is being broadcast, it shows up here.	Quando houver uma sendo transmitida, ela aparece aqui.
Cuenta de administrador / juez (la misma del panel admin).	Administrator / referee account (the same as the admin panel).	Conta de administrador / árbitro (a mesma do painel admin).
Datos en vivo	Live data	Dados ao vivo
de otro campeonato	from another championship	de outro campeonato
Elige el día que quieres	Choose the day you want	Escolha o dia que deseja
ENTRANDO A LA COMPETENCIA	ENTERING THE COMPETITION	ENTRANDO NA COMPETIÇÃO
ERROR AL DIBUJAR LA PANTALLA	ERROR DRAWING THE SCREEN	ERRO AO DESENHAR A TELA
Espectador	Spectator	Espectador
ESPECTADOR	SPECTATOR	ESPECTADOR
Exportar Backup	Export backup	Exportar backup
Gestión	Management	Gestão
INICIAR SESIÓN	LOG IN	ENTRAR
La aplicación sigue funcionando y los datos están a salvo. Reintenta, deshaz el último cambio o recarga la página.	The application is still working and the data is safe. Retry, undo the last change or reload the page.	O aplicativo continua funcionando e os dados estão seguros. Tente novamente, desfaça a última alteração ou recarregue a página.
Pantalla Tarima	Platform Screen	Tela da Plataforma
Para acceder al modo Admin de YourLift debes iniciar sesión en el panel de administración. ¿Ir a admin.html?	To access YourLift's Admin mode you must log in to the administration panel. Go to admin.html?	Para acessar o modo Admin do YourLift você deve entrar no painel de administração. Ir para admin.html?
Público	Public	Público
RECUPERAR →	RECOVER →	RECUPERAR →
Reiniciar datos en vivo	Reset live data	Reiniciar dados ao vivo
RESPALDO AUTOMÁTICO DISPONIBLE	AUTOMATIC BACKUP AVAILABLE	BACKUP AUTOMÁTICO DISPONÍVEL
Saca a los atletas que no figuran en el Cronograma de este campeonato	Removes athletes who are not in this championship's Schedule	Remove os atletas que não constam no Cronograma deste campeonato
Selección de Campeonato	Championship Selection	Seleção de Campeonato
Sistema de Gestión de Competencia	Competition Management System	Sistema de Gestão de Competição
Solo mira (no escribe). Ej.: pantalla u OBS.	View only (does not write). E.g.: screen or OBS.	Só observa (não grava). Ex.: tela ou OBS.
Sync activo	Sync active	Sync ativo
Un segundo…	One second…	Um segundo…
Volver a cargar la nómina	Reload the nomination	Recarregar a nominata
Vuelo Activo	Active Flight	Flight Ativo
Vuelve a leer la nómina del archivo: entran los que se agregaron, salen los que se dieron de baja y se corrigen tandas y lotes. Conserva pesaje e intentos de los que siguen.	Reads the nomination from the file again: new ones come in, withdrawn ones go out, and sessions and lots are corrected. Keeps weigh-in and attempts of those who remain.	Lê novamente a nominata do arquivo: entram os adicionados, saem os que desistiram e corrigem-se sessões e sorteios. Mantém pesagem e tentativas dos que continuam.
↻ Reintentar	↻ Retry	↻ Tentar novamente
Control en Vivo	Live Control	Controle ao Vivo
Control Remoto	Remote Control	Controle Remoto
Control TX	TX Control	Controle TX
Resultados	Results	Resultados
Transmisión	Broadcast	Transmissão
Widgets OBS	OBS Widgets	Widgets OBS
Cerrar sesión	Log out	Sair
Contraseña	Password	Senha
Error:	Error:	Erro:
Fondo	Background	Fundo
Documentos	Documents	Documentos
Email o contraseña incorrectos	Incorrect email or password	E-mail ou senha incorretos
¿Cerrar la sesión en este teléfono? Tus luces dejan de llegar a la tarima hasta que vuelvas a entrar.	Log out on this phone? Your lights will stop reaching the platform until you log in again.	Sair neste telefone? Suas luzes deixam de chegar à plataforma até você entrar novamente.
¿En qué campeonato juzgas?	Which championship are you refereeing?	Em qual campeonato você arbitra?
¿Revertir a	Reverse to	Reverter para
· Int.	· Att.	· Tent.
· Intento	· Attempt	· Tentativa
■ DETENER	■ STOP	■ PARAR
▶ INICIAR TIMER	▶ START TIMER	▶ INICIAR TIMER
AMARILLA	YELLOW	AMARELO
AMARILLO	YELLOW	AMARELO
AZUL	BLUE	AZUL
BLANCO	WHITE	BRANCO
BUENO	GOOD	BOM
Cerrar sesión en este dispositivo	Log out on this device	Sair neste dispositivo
Clave	Password	Senha
Conectando	Connecting	Conectando
Correo o clave incorrectos	Incorrect email or password	E-mail ou senha incorretos
Decisión del jurado enviada	Jury decision sent	Decisão do júri enviada
Descenso de la barra · codos no bloqueados al inicio o al término del movimiento.	Bar descent · elbows not locked at the start or end of the lift.	Descida da barra · cotovelos não travados no início ou no fim do movimento.
Descenso de la barra · doble rebote · rodillas no bloqueadas.	Downward movement of the bar · double bounce · knees not locked.	Descida da barra · duplo rebote · joelhos não travados.
En vivo	Live	Ao vivo
Entra con tu cuenta de juez para que tus luces lleguen a la tarima.	Log in with your referee account so your lights reach the platform.	Entre com sua conta de árbitro para que suas luzes cheguem à plataforma.
ENTRANDO…	LOGGING IN…	ENTRANDO…
Enviado:	Sent:	Enviado:
Error	Error	Erro
Error al enviar	Error sending	Erro ao enviar
Esperando el primer intento juzgado…	Waiting for the first judged attempt…	Aguardando a primeira tentativa julgada…
Esperando…	Waiting…	Aguardando…
Falta el correo o la clave	Email or password missing	Falta o e-mail ou a senha
Hombros no bloqueados o por delante de la línea de la barra.	Shoulders not locked or in front of the bar line.	Ombros não travados ou à frente da linha da barra.
INICIAR TIMER	START TIMER	INICIAR TIMER
INICIAR YA VOLVEMOS	START BREAK SIGN	INICIAR JÁ VOLTAMOS
JUEZ CENTRAL	CENTER REFEREE	ÁRBITRO CENTRAL
JUEZ DER	RIGHT REFEREE	ÁRBITRO DIR
JUEZ IZQ	LEFT REFEREE	ÁRBITRO ESQ
JURY · JURADO	JURY	JURY · JÚRI
La sesión se cierra al cerrar esta página, y también sola a las 4 horas.	The session closes when you close this page, and also automatically after 4 hours.	A sessão se encerra ao fechar esta página, e também sozinha após 4 horas.
MESA	TABLE	MESA
MINUTO DEL INTENTO	ATTEMPT MINUTE	MINUTO DA TENTATIVA
MINUTOS	MINUTES	MINUTOS
MOTIVOS DE NULO	NO LIFT REASONS	MOTIVOS DE NULO
No hay campeonatos en curso. Pídele el link de jueces a quien opera Control en Vivo.	No championships in progress. Ask the Live Control operator for the referees' link.	Não há campeonatos em andamento. Peça o link de árbitros a quem opera o Controle ao Vivo.
No se pudo cargar la lista. Revisa la conexión y recarga.	Could not load the list. Check the connection and reload.	Não foi possível carregar a lista. Verifique a conexão e recarregue.
No se pudo entrar	Could not log in	Não foi possível entrar
No toca el pecho · no da la profundidad de codos.	Does not touch the chest · elbows do not reach depth.	Não toca o peito · não atinge a profundidade dos cotovelos.
NULO (tarjeta	NO LIFT (card	NULO (cartão
Panel de Jueces	Referees Panel	Painel de Árbitros
Pasaron 4 horas desde que entraste. Vuelve a entrar con tu cuenta para seguir juzgando.	4 hours have passed since you logged in. Log in again with your account to keep refereeing.	Passaram 4 horas desde que você entrou. Entre novamente com sua conta para continuar arbitrando.
PLANILLA	TIMEKEEPER	PLANILHA
PLANILLA · TIEMPOS	TIMEKEEPER · TIMES	PLANILHA · TEMPOS
Pon entre 1 y 120 minutos	Enter between 1 and 120 minutes	Coloque entre 1 e 120 minutos
Profundidad: no alcanza la paralela.	Depth: does not reach parallel.	Profundidade: não atinge a paralela.
QUITAR EL RELOJ DE LA PANTALLA	REMOVE THE CLOCK FROM THE SCREEN	TIRAR O RELÓGIO DA TELA
Reloj detenido	Clock stopped	Relógio parado
Reloj iniciado	Clock started	Relógio iniciado
Reloj quitado de la pantalla	Clock removed from the screen	Relógio retirado da tela
REVERTIR A NULO · ELIGE LA TARJETA	REVERSE TO NO LIFT · CHOOSE THE CARD	REVERTER PARA NULO · ESCOLHA O CARTÃO
REVERTIR A VÁLIDO	REVERSE TO GOOD LIFT	REVERTER PARA VÁLIDO
ROJA	RED	VERMELHO
ROJO	RED	VERMELHO
Se muestra en la transmisión y en las pantallas de tarima solo mientras lo inicies acá.	Shown on the broadcast and platform screens only while you start it here.	Aparece na transmissão e nas telas da plataforma só enquanto você o iniciar aqui.
Se salta el comando · cambia la posición inicial · no termina el movimiento.	Ignores the command · changes the starting position · does not complete the lift.	Ignora o comando · muda a posição inicial · não completa o movimento.
Se salta el comando · cambia la postura inicial · levanta glúteo, cabeza o pies · sube la barra con el pecho.	Ignores the command · changes the starting position · lifts buttocks, head or feet · heaves the bar off the chest.	Ignora o comando · muda a postura inicial · levanta glúteo, cabeça ou pés · sobe a barra com o peito.
Selecciona tu posición	Select your position	Selecione sua posição
Selecciona tu posición primero	Select your position first	Selecione sua posição primeiro
Sin conexión	Offline	Sem conexão
Sin Firebase	No Firebase	Sem Firebase
Sin Firebase — voto solo local	No Firebase — vote only local	Sem Firebase — voto só local
Sin internet	No internet	Sem internet
Sin permiso — inicia sesión	No permission — log in	Sem permissão — entre
Sin permiso — inicia sesión en este dispositivo	No permission — log in on this device	Sem permissão — entre neste dispositivo
Sin sesión — toca aquí	Not logged in — tap here	Sem sessão — toque aqui
SIN VOTO	NO VOTE	SEM VOTO
TARIMA	PLATFORM	PLATAFORMA
TARIMA 1	PLATFORM 1	PLATAFORMA 1
TARIMA 2	PLATFORM 2	PLATAFORMA 2
Timer iniciado	Timer started	Timer iniciado
Tirones en la barra al subir · apoya la barra en las piernas o la sube contra los muslos.	Hitches the bar on the way up · rests the bar on the legs or ramps it up the thighs.	Trancos na barra ao subir · apoia a barra nas pernas ou a sobe contra as coxas.
Todavía no hay un intento juzgado	There is no judged attempt yet	Ainda não há uma tentativa julgada
Tu sesión vence en	Your session expires in	Sua sessão expira em
ÚLTIMO INTENTO JUZGADO	LAST JUDGED ATTEMPT	ÚLTIMA TENTATIVA JULGADA
UNA TARIMA	ONE PLATFORM	UMA PLATAFORMA
Voto enviado	Vote sent	Voto enviado
Voto limpiado	Vote cleared	Voto limpo
YA VOLVEMOS · DESCANSO	WE'LL BE RIGHT BACK · BREAK	JÁ VOLTAMOS · INTERVALO
Ya volvemos quitado	Break sign removed	Já voltamos retirado
YourLift — Panel de Jueces	YourLift — Referees Panel	YourLift — Painel de Árbitros
PRESS DE BANCA	BENCH PRESS	SUPINO
SENTADILLA	SQUAT	AGACHAMENTO
PESO MUERTO	DEADLIFT	LEVANTAMENTO TERRA
NULO	NO LIFT	NULO
VÁLIDO	GOOD LIFT	VÁLIDO
Correo	Email	E-mail
LIMPIAR	CLEAR	LIMPAR
Conectando con el servidor… prueba de nuevo en unos segundos	Connecting to the server… try again in a few seconds	Conectando ao servidor… tente novamente em alguns segundos
ENTRAR	ENTER	ENTRAR
Sesión iniciada	Logged in	Sessão iniciada
Ya volvemos:	We'll be right back:	Já voltamos:
QUITAR	REMOVE	TIRAR
(planilla)	(timekeeper)	(planilha)
Decisión del jurado:	Jury decision:	Decisão do júri:
Firebase no conectado — esperando conexión para activar panel de jueces	Firebase not connected — waiting for a connection to enable the referees panel	Firebase não conectado — aguardando conexão para ativar o painel de árbitros
Firebase no disponible — usa modo manual	Firebase not available — use manual mode	Firebase não disponível — use o modo manual
min (planilla)	min (timekeeper)	min (planilha)
Modo Jueces ACTIVADO — Firebase conectado	Referee Mode ON — Firebase connected	Modo Árbitros ATIVADO — Firebase conectado
Modo Jueces ACTIVADO — las decisiones vienen del panel de jueces	Referee Mode ON — decisions come from the referees panel	Modo Árbitros ATIVADO — as decisões vêm do painel de árbitros
Modo Jueces DESACTIVADO — decisiones manuales	Referee Mode OFF — manual decisions	Modo Árbitros DESATIVADO — decisões manuais
Reloj del intento detenido	Attempt clock stopped	Relógio da tentativa parado
Reloj del intento iniciado	Attempt clock started	Relógio da tentativa iniciado
¿Eliminar el 4º intento de	Delete the 4th attempt of	Excluir a 4ª tentativa de
. ¿Confirmas?	. Do you confirm?	. Confirma?
· lote	· lot	· sorteio
· NULO	· NO LIFT	· NULO
· VÁLIDO	· GOOD LIFT	· VÁLIDO
(borrados desde admin)	(deleted from admin)	(excluídos no admin)
(tiene	(has	(tem
). Si sacarlos no es lo que quieres, cancela.	). If removing them is not what you want, cancel.	). Se tirá-los não é o que você quer, cancele.
a mano si corresponde.	by hand if applicable.	à mão se for o caso.
atleta(s) que NO están en el Cronograma de "	athlete(s) NOT in the Schedule of "	atleta(s) que NÃO estão no Cronograma de "
atletas (ahora hay	athletes (now there are	atletas (agora há
atletas cargados están en el Cronograma.	loaded athletes are in the Schedule.	atletas carregados estão no Cronograma.
atletas desde Firestore	athletes from Firestore	atletas do Firestore
atletas quedan cargados.	athletes remain loaded.	atletas permanecem carregados.
atletas. Igual se vuelven a leer tandas y lotes, por si alguno cambió. ¿Continuar?	athletes. Sessions and lots are read again anyway, in case any changed. Continue?	atletas. Mesmo assim sessões e sorteios são lidos novamente, caso algum tenha mudado. Continuar?
Cárgalo en Admin → Cronograma y vuelve a entrar.	Load it in Admin → Schedule and come back in.	Carregue-o em Admin → Cronograma e entre novamente.
del admin pero con datos cargados acá. Revisa Atletas y Pesaje y bórralo	from admin but with data entered here. Check Athletes & Weigh-in and delete it	do admin mas com dados carregados aqui. Verifique Atletas e Pesagem e exclua-o
eliminado(s)	deleted	excluído(s)
ENTRAN	IN	ENTRAM
Esta pantalla está en modo ESPECTADOR: no puede guardar en el servidor. ¿Cambiarla a CONTROLADOR y continuar?	This screen is in SPECTATOR mode: it cannot save to the server. Switch it to CONTROLLER and continue?	Esta tela está em modo ESPECTADOR: não pode salvar no servidor. Mudá-la para CONTROLADOR e continuar?
Esta pantalla está en modo LECTURA, no puede guardar. Cambia a CONTROLADOR desde el menú y vuelve a intentar.	This screen is in READ mode, it cannot save. Switch to CONTROLLER from the menu and try again.	Esta tela está em modo LEITURA, não pode salvar. Mude para CONTROLADOR pelo menu e tente novamente.
Esto sobreescribe el servidor para todos los dispositivos y widgets.	This overwrites the server for all devices and widgets.	Isto sobrescreve o servidor para todos os dispositivos e widgets.
La nómina del archivo tiene a los mismos	The file nomination has the same	A nominata do arquivo tem os mesmos
La nómina se cargó en ESTA pantalla pero NO se pudo guardar en el servidor. El público y los widgets siguen con la anterior. Revisa el indicador SYNC y vuelve a intentar.	The nomination was loaded on THIS screen but could NOT be saved to the server. The public and widgets still have the previous one. Check the SYNC indicator and try again.	A nominata foi carregada NESTA tela mas NÃO pôde ser salva no servidor. O público e os widgets continuam com a anterior. Verifique o indicador SYNC e tente novamente.
Listo y verificado en el servidor.	Done and verified on the server.	Pronto e verificado no servidor.
No hay campeonato activo	No active championship	Não há campeonato ativo
No hay Cronograma cargado para este campeonato, así que no tengo con qué comparar.	No Schedule is loaded for this championship, so there is nothing to compare with.	Não há Cronograma carregado para este campeonato, então não há com o que comparar.
No se pudo leer la nómina:	Could not read the nomination:	Não foi possível ler a nominata:
Nómina actualizada desde el Cronograma (división, categoría y modalidad)	Nomination updated from the Schedule (division, category and event)	Nominata atualizada a partir do Cronograma (divisão, categoria e modalidade)
Nómina al día:	Nomination up to date:	Nominata em dia:
Nómina en vivo:	Live nomination:	Nominata ao vivo:
OJO:	NOTE:	ATENÇÃO:
SALEN	OUT	SAEM
Se aplicó en esta pantalla, pero el servidor no confirmó. Revisa la conexión y vuelve a intentar.	It was applied on this screen, but the server did not confirm. Check the connection and try again.	Foi aplicado nesta tela, mas o servidor não confirmou. Verifique a conexão e tente novamente.
Se borra ese intento extra.	That extra attempt is deleted.	Essa tentativa extra é excluída.
SE CONSERVA de los que siguen: peso corporal, racks, intentos y bombed.	KEPT for those who remain: bodyweight, racks, attempts and bombed.	MANTÉM-SE dos que continuam: peso corporal, racks, tentativas e bombed.
Se conservaron los datos de tarima de	Platform data was kept for	Os dados de plataforma foram mantidos de
Se eliminan y quedan	They are deleted, leaving	São excluídos e ficam
SE VUELVE A LEER del archivo: tanda, lote, categoría, división y club.	READ AGAIN from the file: session, lot, category, division and club.	LÊ-SE NOVAMENTE do arquivo: sessão, sorteio, categoria, divisão e clube.
Sin conexión con el servidor. No se cargó nada: si cambiara la nómina solo en esta pantalla, quedaría distinta del resto.	No connection to the server. Nothing was loaded: if the nomination changed only on this screen, it would differ from the rest.	Sem conexão com o servidor. Nada foi carregado: se a nominata mudasse só nesta tela, ficaria diferente das demais.
Solo un admin puede volver a cargar la nómina	Only an admin can reload the nomination	Só um admin pode recarregar a nominata
Tandas actualizadas desde el Cronograma	Sessions updated from the Schedule	Sessões atualizadas a partir do Cronograma
Todo en orden: los	All in order: the	Tudo em ordem: os
VOLVER A CARGAR LA NÓMINA de: "	RELOAD THE NOMINATION of: "	RECARREGAR A NOMINATA de: "
Quedan	Remaining	Restam
más	more	mais
, los que estén cargados en la ficha.	, the ones entered in the profile.	, os que estiverem carregados na ficha.
¿Restablecer las posiciones y tamaños de la Pantalla de Intentos a los valores por defecto?	Reset the Attempts Screen positions and sizes to the defaults?	Restaurar as posições e tamanhos da Tela de Tentativas para os valores padrão?
¿Volver a dejar "Atleta en barra" como venía de fábrica? Se pierden las posiciones y tamaños que acomodaste en esta pantalla.	Reset "Athlete on the bar" to factory settings? The positions and sizes you arranged on this screen will be lost.	Deixar "Atleta na barra" como veio de fábrica? Perdem-se as posições e tamanhos que você ajustou nesta tela.
· 4º INTENTO	· 4TH ATTEMPT	· 4ª TENTATIVA
· ACTUAL	· CURRENT	· ATUAL
· INTENTO EXTRA	· EXTRA ATTEMPT	· TENTATIVA EXTRA
· Página	· Page	· Página
· pausado	· paused	· pausado
(pausado)	(paused)	(pausado)
ABRIR ↗	OPEN ↗	ABRIR ↗
Ajusta qué tan grandes se ven los nombres de los atletas en la pantalla. Se aplica en vivo.	Adjust how large the athletes' names look on the screen. Applied live.	Ajuste o tamanho dos nomes dos atletas na tela. Aplica-se ao vivo.
Ajustes de pantalla	Screen settings	Ajustes de tela
AJUSTES DE PANTALLA	SCREEN SETTINGS	AJUSTES DE TELA
Al subir el primero, esta lista reemplaza a esos dos.	When the first is uploaded, this list replaces those two.	Ao enviar o primeiro, esta lista substitui esses dois.
Arrastra para agrandar o achicar	Drag to enlarge or shrink	Arraste para aumentar ou diminuir
atleta en barra	athlete on the bar	atleta na barra
ATLETA EN BARRA	ATHLETE ON THE BAR	ATLETA NA BARRA
atletas en Firestore	athletes in Firestore	atletas no Firestore
AZUL YOURLIFT	YOURLIFT BLUE	AZUL YOURLIFT
BANDERA	FLAG	BANDEIRA
Bandera de fondo	Background flag	Bandeira de fundo
BANDERA DEL PAÍS	COUNTRY FLAG	BANDEIRA DO PAÍS
Cada uno abre SOLO lo que dice y no cambia aunque se toquen los botones de abajo. Son para los televisores que muestran siempre lo mismo: uno con los intentos, otro con las luces, otro con el perfil.	Each one opens ONLY what it says and does not change even if the buttons below are tapped. They are for TVs that always show the same thing: one with the attempts, another with the lights, another with the profile.	Cada um abre SÓ o que diz e não muda mesmo que se toquem os botões abaixo. São para os televisores que mostram sempre a mesma coisa: um com as tentativas, outro com as luzes, outro com o perfil.
Campeonato de un solo país: detrás de "Atleta en barra" y de la pantalla de intento va el logo del club de cada atleta. Agrándalo o achícalo mirando la pantalla.	Single-country championship: behind "Athlete on the bar" and the attempt screen goes each athlete's club logo. Enlarge or shrink it while looking at the screen.	Campeonato de um só país: atrás de "Atleta na barra" e da tela de tentativa vai o logo do clube de cada atleta. Aumente ou diminua olhando a tela.
CHICO	SMALL	PEQUENO
Click en un bloque de la pantalla para moverlo o agrandarlo.	Click a block on the screen to move or resize it.	Clique em um bloco da tela para movê-lo ou redimensioná-lo.
Conecta primero a OBS WebSocket	Connect to OBS WebSocket first	Conecte primeiro ao OBS WebSocket
Control independiente del Control TX. Alterna entre el perfil del atleta, la barra con discos (estilo LiftingCast) y la tabla de la jornada. Se actualiza en vivo en la pantalla. Pensada para un monitor en el lugar de la competencia — no se transmite al stream online.	Control independent of TX Control. Switches between the athlete profile, the bar with plates (LiftingCast style) and the day's table. Updates live on the screen. Meant for a monitor at the competition venue — not sent to the online stream.	Controle independente do Controle TX. Alterna entre o perfil do atleta, a barra com anilhas (estilo LiftingCast) e a tabela da jornada. Atualiza ao vivo na tela. Pensado para um monitor no local da competição — não vai para o stream online.
DESCANSO	BREAK	INTERVALO
El fondo de siempre	The usual background	O fundo de sempre
El logo que subiste en Campeonatos	The logo you uploaded in Championships	O logo que você enviou em Campeonatos
El logo se carga en Admin → Campeonatos, en la ficha del campeonato.	The logo is uploaded in Admin → Championships, in the championship's page.	O logo é carregado em Admin → Campeonatos, na ficha do campeonato.
Elige qué tandas entran en la tabla. Marca las de la sesión AM o PM. Si no marcas ninguna, muestra la tanda activa actual.	Choose which sessions go in the table. Tick those of the AM or PM session. If you tick none, it shows the current active session.	Escolha quais sessões entram na tabela. Marque as da sessão AM ou PM. Se não marcar nenhuma, mostra a sessão ativa atual.
En pantalla ·	On screen ·	Na tela ·
Error enviando evento:	Error sending event:	Erro ao enviar evento:
Error sincronizando:	Sync error:	Erro de sincronização:
Es un espejo: el válido o nulo se sigue dando en Control en Vivo o en la planilla.	It is a mirror: good or no lift is still given in Live Control or the timekeeper panel.	É um espelho: válido ou nulo continua sendo dado no Controle ao Vivo ou na planilha.
Esta pantalla no tiene sesión de admin: el descanso se pone desde el control y acá se ve solo.	This screen has no admin session: the break is set from the control and only shown here.	Esta tela não tem sessão de admin: o intervalo é colocado pelo controle e aqui apenas aparece.
Esta pantalla obedece los botones de abajo en tiempo real: sirve para el televisor que va cambiando durante la competencia. Si tienes más de una pantalla y cada una tiene que mostrar algo distinto, usa los links de abajo.	This screen follows the buttons below in real time: it is for the TV that changes during the competition. If you have more than one screen and each must show something different, use the links below.	Esta tela obedece aos botões abaixo em tempo real: serve para o televisor que vai mudando durante a competição. Se você tem mais de uma tela e cada uma deve mostrar algo diferente, use os links abaixo.
Este campeonato no tiene logo cargado → queda azul	This championship has no logo uploaded → stays blue	Este campeonato não tem logo carregado → fica azul
Evento enviado a OBS. Si la conexión está bien, el perfil debería togglearse en pantalla en 1-2s. Mira el log de abajo, "Últimos eventos recibidos".	Event sent to OBS. If the connection is fine, the profile should toggle on screen in 1-2s. Check the log below, "Latest events received".	Evento enviado ao OBS. Se a conexão estiver boa, o perfil deve alternar na tela em 1-2s. Veja o log abaixo, "Últimos eventos recebidos".
federación	federation	federação
Firebase no listo todavía. Espera unos segundos y vuelve a intentar.	Firebase not ready yet. Wait a few seconds and try again.	Firebase ainda não está pronto. Espere alguns segundos e tente novamente.
FONDO DE LA PANTALLA	SCREEN BACKGROUND	FUNDO DA TELA
Foto y datos del atleta	Athlete photo and details	Foto e dados do atleta
GRANDE	LARGE	GRANDE
INTENTO DE RÉCORD NACIONAL	NATIONAL RECORD ATTEMPT	TENTATIVA DE RECORDE NACIONAL
La tabla de intentos del atleta en barra	The attempts table of the athlete on the bar	A tabela de tentativas do atleta na barra
La tabla de toda la jornada	The whole day's table	A tabela de toda a jornada
las escenas de la pantalla: perfil, atleta en barra, intentos, luces y tabla de la jornada. Puedes poner los que quieras —campeonato, federación, auspiciadores— y quedan guardados con el campeonato, así que no hay que volver a subirlos.	the screen scenes: profile, athlete on the bar, attempts, lights and day table. You can add as many as you like —championship, federation, sponsors— and they are saved with the championship, so you do not need to upload them again.	as cenas da tela: perfil, atleta na barra, tentativas, luzes e tabela da jornada. Você pode colocar quantos quiser —campeonato, federação, patrocinadores— e ficam salvos com o campeonato, então não é preciso enviá-los de novo.
Las tres luces a pantalla completa	The three lights full screen	As três luzes em tela cheia
Logo	Logo	Logo
LOGO DEL CAMPEONATO	CHAMPIONSHIP LOGO	LOGO DO CAMPEONATO
LOGO DEL CLUB	CLUB LOGO	LOGO DO CLUBE
LOGOS DE LA PANTALLA	SCREEN LOGOS	LOGOS DA TELA
Los colores del país del atleta, muy diluidos	The colours of the athlete's country, very faded	As cores do país do atleta, bem diluídas
Los que se suban acá salen en	Those uploaded here appear on	Os que forem enviados aqui aparecem em
Lote inválido — debe ser un número entero ≥ 1	Invalid lot — must be a whole number ≥ 1	Sorteio inválido — deve ser um número inteiro ≥ 1
Luces de jueces en pantalla	Referee lights on screen	Luzes dos árbitros na tela
LUCES JUECES	REFEREE LIGHTS	LUZES ÁRBITROS
Mostrar cronómetro	Show stopwatch	Mostrar cronômetro
Muestra las tres luces abajo, sincronizadas con las de los jueces. Es solo un espejo: el válido o nulo se sigue dando en Control en Vivo o en la planilla, esta pantalla no decide nada. Si el campeonato no usa luces, se apaga y desaparece.	Shows the three lights at the bottom, synced with the referees'. It is only a mirror: good or no lift is still given in Live Control or the timekeeper panel; this screen decides nothing. If the championship does not use lights, it turns off and disappears.	Mostra as três luzes embaixo, sincronizadas com as dos árbitros. É só um espelho: válido ou nulo continua sendo dado no Controle ao Vivo ou na planilha, esta tela não decide nada. Se o campeonato não usa luzes, desliga-se e desaparece.
MUNDIAL	WORLD	MUNDIAL
ninguna (usa tanda activa)	none (uses active session)	nenhuma (usa a sessão ativa)
No hay campeonato elegido	No championship chosen	Nenhum campeonato escolhido
No hay inscripciones aprobadas/pendientes en Firestore para este campeonato.	No approved/pending registrations in Firestore for this championship.	Não há inscrições aprovadas/pendentes no Firestore para este campeonato.
No se pudo enviar el descanso:	Could not send the break:	Não foi possível enviar o intervalo:
Nombre, peso y discos	Name, weight and plates	Nome, peso e anilhas
Pantalla completa con las tres luces y el nombre del atleta arriba. Sigue en vivo lo que marcan los jueces desde	Full screen with the three lights and the athlete's name on top. Follows live what the referees mark from	Tela cheia com as três luzes e o nome do atleta em cima. Segue ao vivo o que os árbitros marcam em
PANTALLA DE INTENTOS	ATTEMPTS SCREEN	TELA DE TENTATIVAS
PANTALLA DE TARIMA	PLATFORM SCREEN	TELA DA PLATAFORMA
PERFIL ATLETA	ATHLETE PROFILE	PERFIL ATLETA
PONER	SET	COLOCAR
QUÉ MOSTRAR EN LA PANTALLA	WHAT TO SHOW ON THE SCREEN	O QUE MOSTRAR NA TELA
QUÉ TAN DIFUMINADA VA LA BANDERA	HOW FADED THE FLAG IS	QUÃO DILUÍDA FICA A BANDEIRA
QUÉ TAN DIFUMINADO VA EL LOGO DEL CLUB	HOW FADED THE CLUB LOGO IS	QUÃO DILUÍDO FICA O LOGO DO CLUBE
Re-sincronización completa:	Full re-sync:	Re-sincronização completa:
Re-sincronizar la nómina con el admin? • Trae atletas nuevos • Borra los que ya no están en admin (si NO tienen pesos/intentos cargados acá) • Avisa de los borrados que sí tienen datos para revisarlos a mano • Toma tanda, división, categoría y modalidad de la pestaña Cronograma Lotes y pesaje se conservan. La categoría de los que ya están pesados no se toca.	Re-sync the nomination with admin? • Brings in new athletes • Deletes those no longer in admin (if they have NO weights/attempts entered here) • Warns about deleted ones that do have data so you can check them by hand • Takes session, division, category and event from the Schedule tab Lots and weigh-in are kept. The category of those already weighed is not touched.	Re-sincronizar a nominata com o admin? • Traz atletas novos • Exclui os que já não estão no admin (se NÃO têm pesos/tentativas carregados aqui) • Avisa dos excluídos que têm dados para revisá-los à mão • Pega sessão, divisão, categoria e modalidade da aba Cronograma Sorteios e pesagem são mantidos. A categoria dos já pesados não é alterada.
RESTABLECER COLORES	RESET COLOURS	RESTAURAR CORES
RESTABLECER POSICIONES	RESET POSITIONS	RESTAURAR POSIÇÕES
Rótulo (ej. COMENZAMOS EN)	Label (e.g. STARTING IN)	Rótulo (ex.: COMEÇAMOS EM)
Sacar de la pantalla	Remove from the screen	Tirar da tela
Salen en ese orden, de izquierda a derecha. En las pantallas de	They appear in that order, left to right. On the screens of	Aparecem nessa ordem, da esquerda para a direita. Nas telas de
SEGUIR	CONTINUE	SEGUIR
SELECCIONAR TODAS	SELECT ALL	SELECIONAR TODAS
SIGUIENTE	NEXT	PRÓXIMO
Sin atleta en tarima	No athlete on the platform	Sem atleta na plataforma
SIN ATLETAS EN LAS TANDAS SELECCIONADAS	NO ATHLETES IN THE SELECTED SESSIONS	SEM ATLETAS NAS SESSÕES SELECIONADAS
Sin conexión: el descanso se ve acá pero no llega a las otras pantallas	Offline: the break shows here but does not reach the other screens	Sem conexão: o intervalo aparece aqui mas não chega às outras telas
Sin evento activo	No active event	Sem evento ativo
SIN RÉCORD PREVIO	NO PREVIOUS RECORD	SEM RECORDE ANTERIOR
TABLA DE CLASIFICACIÓN · JORNADA	STANDINGS TABLE · DAY	TABELA DE CLASSIFICAÇÃO · JORNADA
TABLA JORNADA	DAY TABLE	TABELA JORNADA
TAMAÑO DE LOS NOMBRES EN LA TABLA	SIZE OF THE NAMES IN THE TABLE	TAMANHO DOS NOMES NA TABELA
TAMAÑO DEL LOGO DEL CLUB	CLUB LOGO SIZE	TAMANHO DO LOGO DO CLUBE
tanda(s):	session(s):	sessão(ões):
TANDAS EN LA TABLA (la "jornada")	SESSIONS IN THE TABLE (the "day")	SESSÕES NA TABELA (a "jornada")
Tandas:	Sessions:	Sessões:
Texto	Text	Texto
Todavía no hay ninguno. Mientras tanto la pantalla muestra el logo de la	There are none yet. Meanwhile the screen shows the logo of the	Ainda não há nenhum. Enquanto isso a tela mostra o logo da
Todavía se está cargando el campeonato — espera unos segundos	The championship is still loading — wait a few seconds	O campeonato ainda está carregando — espere alguns segundos
UN LINK POR PANTALLA	ONE LINK PER SCREEN	UM LINK POR TELA
Un solo país: el logo del club de cada atleta	Single country: each athlete's club logo	Um só país: o logo do clube de cada atleta
URL PARA LA PANTALLA (ábrela en el navegador de la pantalla / OBS)	URL FOR THE SCREEN (open it in the screen's browser / OBS)	URL PARA A TELA (abra no navegador da tela / OBS)
van juntos en un bloque que se puede mover y agrandar como los demás.	go together in a block that can be moved and resized like the others.	vão juntos em um bloco que pode ser movido e redimensionado como os demais.
VISTA PREVIA:	PREVIEW:	PRÉVIA:
Volver a dejar la pantalla como venía	Reset the screen to how it came	Deixar a tela como veio
y el del	and the	e o da
AÑO	YEAR	ANO
INTENTO DE RÉCORD SUDAMERICANO	SOUTH AMERICAN RECORD ATTEMPT	TENTATIVA DE RECORDE SUL-AMERICANO
No hay competencia activa	No active competition	Não há competição ativa
MOSTRAR	SHOW	MOSTRAR
° lugar	° place	° lugar
1er INTENTO	1st ATTEMPT	1ª TENTATIVA
2do INTENTO	2nd ATTEMPT	2ª TENTATIVA
3er INTENTO	3rd ATTEMPT	3ª TENTATIVA
Acento	Accent	Destaque
Agregar logos	Add logos	Adicionar logos
INTENTO	ATTEMPT	TENTATIVA
Mantiene el	Keeps the	Mantém o
PAUSAR	PAUSE	PAUSAR
si es válido	if good	se for válido
Si es válido pasará del	If good, will go from	Se for válido passará do
Si es válido:	If good:	Se for válido:
NOMBRE	NAME	NOME
BENCH	BENCH	SUPINO
? Se borrarán: • Peso corporal (BW) • Alturas de rack (SQ y BP) • Todos los intentos cargados Esto NO borra al atleta del evento. Solo le reinicia el pesaje.	? The following will be deleted: • Bodyweight (BW) • Rack heights (SQ and BP) • All entered attempts This does NOT remove the athlete from the event. It only resets their weigh-in.	? Serão excluídos: • Peso corporal (BW) • Alturas do rack (SQ e BP) • Todas as tentativas carregadas Isto NÃO remove o atleta do evento. Apenas reinicia sua pesagem.
¿Borrar el pesaje de	Delete the weigh-in of	Excluir a pesagem de
¿Generar números de lote aleatorios? Tanda A → 100, 101, 102… Tanda B → 200, 201, 202… etc.	Generate random lot numbers? Session A → 100, 101, 102… Session B → 200, 201, 202… etc.	Gerar números de sorteio aleatórios? Sessão A → 100, 101, 102… Sessão B → 200, 201, 202… etc.
¿Quitar la foto/gif de	Remove the photo/gif of	Tirar a foto/gif de
· TARIMA	· PLATFORM	· PLATAFORMA
ABATIBLE	FOLDING	DOBRÁVEL
ABATIBLE (soportes)	FOLDING (supports)	DOBRÁVEL (suportes)
agregado ·	added ·	adicionado ·
AGREGAR	ADD	ADICIONAR
Agregar atleta	Add athlete	Adicionar atleta
AGREGAR ATLETA	ADD ATHLETE	ADICIONAR ATLETA
Agregar un atleta manualmente (ej. atletas internacionales)	Add an athlete manually (e.g. international athletes)	Adicionar um atleta manualmente (ex.: atletas internacionais)
ALT. SEGUROS	SAFETY HT.	ALT. SEGUROS
ALTURA RACK	RACK HEIGHT	ALTURA RACK
Ambos	Both	Ambos
AMBOS	BOTH	AMBOS
ATLETAS & PESAJE	ATHLETES & WEIGH-IN	ATLETAS E PESAGEM
Borrar BW + racks + intentos	Delete BW + racks + attempts	Excluir BW + racks + tentativas
BORRAR PESAJE	DELETE WEIGH-IN	EXCLUIR PESAGEM
BW + 1ros	BW + openers	BW + 1as
CATEGORÍA (kg)	CATEGORY (kg)	CATEGORIA (kg)
Categoría +	Category +	Categoria +
Classic + Only Bench	Classic + Bench Only	Classic + Only Bench
Classic + Universitario	Classic + University	Classic + Universitário
Click para corregir el nombre — se cambia en la tarima, el acta y la transmisión	Click to correct the name — it changes on the platform, the results sheet and the broadcast	Clique para corrigir o nome — muda na plataforma, na ata e na transmissão
CLUB / EQUIPO	CLUB / TEAM	CLUBE / EQUIPE
compiten también en Only Bench	also compete in Bench Only	competem também no Only Bench
CONFIRMAR PESAJE	CONFIRM WEIGH-IN	CONFIRMAR PESAGEM
Derecho	Right	Direito
Edita el número de lote — si ya existe se hace swap	Edit the lot number — if it already exists they swap	Edite o número de sorteio — se já existir, é feita a troca
ej: 83 o +120	e.g.: 83 or +120	ex.: 83 ou +120
Equipado + Only Bench	Equipped + Bench Only	Equipado + Only Bench
EQUIPO / MODALIDAD	TEAM / EVENT	EQUIPE / MODALIDADE
Foto	Photo	Foto
FOTO (imagen)	PHOTO (image)	FOTO (imagem)
FOTO / GIF	PHOTO / GIF	FOTO / GIF
Foto/gif quitada de	Photo/gif removed from	Foto/gif retirada de
FUERA DE COMP.	OUT OF COMP.	FORA DE COMP.
Fuera de competencia: levanta pero no entra al ranking	Out of competition: lifts but does not enter the ranking	Fora de competição: levanta mas não entra no ranking
Generar Lotes	Generate lots	Gerar sorteios
GIF / VIDEO (animado)	GIF / VIDEO (animated)	GIF / VÍDEO (animado)
Hoja de pesaje, altura de rack, revisión de equipo y papeletas	Weigh-in sheet, rack height, equipment check and attempt cards	Folha de pesagem, altura do rack, revisão de equipamento e cartões
Ingresa el nombre del atleta	Enter the athlete's name	Insira o nome do atleta
Ingresa el peso corporal	Enter the bodyweight	Insira o peso corporal
Iniciar Competencia →	Start Competition →	Iniciar Competição →
Invitado/a (fuera de competencia)	Guest (out of competition)	Convidado/a (fora de competição)
Izquierdo	Left	Esquerdo
kg (debe pesar más de	kg (must weigh more than	kg (deve pesar mais de
kg califica para +	kg qualifies for +	kg classifica para +
kg EXCEDE el límite de	kg EXCEEDS the limit of	kg EXCEDE o limite de
kg NO califica para +	kg does NOT qualify for +	kg NÃO classifica para +
kg NO califica para la categoría +	kg does NOT qualify for category +	kg NÃO classifica para a categoria +
kg). ¿Confirmar igualmente?	kg). Confirm anyway?	kg). Confirmar mesmo assim?
kg). ¿El atleta compite fuera de categoría o el jurado aprobó? Confirmar igualmente.	kg). Is the athlete competing outside the category or did the jury approve? Confirm anyway.	kg). O atleta compete fora da categoria ou o júri aprovou? Confirmar mesmo assim.
Levanta igual, pero no entra al ranking de su categoría.	Lifts anyway, but does not enter their category's ranking.	Levanta mesmo assim, mas não entra no ranking da sua categoria.
Límite categoría:	Category limit:	Limite da categoria:
Línea competitiva	Competitive line	Linha competitiva
Los lotes YA fueron sorteados. ¿Re-sortear y reemplazar todos los números actuales? Las ediciones manuales se perderán.	Lots were ALREADY drawn. Redraw and replace all current numbers? Manual edits will be lost.	Os sorteios JÁ foram feitos. Sortear de novo e substituir todos os números atuais? As edições manuais serão perdidas.
mismo intento de banca — se marca solo	same bench attempt — marked automatically	mesma tentativa de supino — marca-se sozinha
Ningún atleta con esa búsqueda.	No athlete matches that search.	Nenhum atleta com essa busca.
Nombre y apellidos	Full name	Nome e sobrenomes
Olimpiadas Especiales (OE)	Special Olympics (SO)	Olimpíadas Especiais (OE)
Ordenar por Categoría ↑	Sort by Category ↑	Ordenar por Categoria ↑
Ordenar por Lote ↑	Sort by Lot ↑	Ordenar por Sorteio ↑
Ordenar por Tanda ↑	Sort by Session ↑	Ordenar por Sessão ↑
PALMETAS	SAFETY ARMS	PALMETAS
Para altas manuales (ej. atletas de otros países en un internacional). No toca la nómina pública.	For manual additions (e.g. athletes from other countries at an international meet). Does not touch the public nomination.	Para inclusões manuais (ex.: atletas de outros países em um internacional). Não altera a nominata pública.
para avanzar al siguiente campo	to move to the next field	para avançar ao próximo campo
PESAJE	WEIGH-IN	PESAGEM
Pesaje borrado:	Weigh-in deleted:	Pesagem excluída:
Pesar	Weigh	Pesar
PRIMEROS INTENTOS (apertura)	OPENING ATTEMPTS	PRIMEIRAS TENTATIVAS (abertura)
Quitar todo	Remove all	Tirar tudo
Re-sincronizar con admin	Re-sync with admin	Re-sincronizar com o admin
Re-sincronizar nómina con admin: trae cambios, borra eliminados sin datos y toma tanda, división, categoría y modalidad del Cronograma	Re-sync the nomination with admin: brings changes, deletes removed ones without data and takes session, division, category and event from the Schedule	Re-sincronizar a nominata com o admin: traz alterações, exclui removidos sem dados e pega sessão, divisão, categoria e modalidade do Cronograma
Re-sortear lotes	Redraw lots	Sortear de novo
Re-sortear todos los lotes al azar (reemplaza los actuales)	Redraw all lots at random (replaces the current ones)	Sortear todos os números de novo ao acaso (substitui os atuais)
Reflejo del intento de banca (no se edita acá)	Mirror of the bench attempt (not edited here)	Reflexo da tentativa de supino (não se edita aqui)
Se guarda y se reutiliza automáticamente si el atleta vuelve a competir.	It is saved and reused automatically if the athlete competes again.	É salvo e reutilizado automaticamente se o atleta voltar a competir.
SEGUROS	SAFETIES	SEGUROS
sin imagen	no image	sem imagem
Solo admin puede subir fotos	Only admin can upload photos	Só o admin pode enviar fotos
TANDA / VUELO	SESSION / FLIGHT	SESSÃO / VOO
Usa	Use	Use
Categoría de peso	Weight class	Categoria de peso
Subiendo…	Uploading…	Enviando…
No	No	Não
CERRAR	CLOSE	FECHAR
CANCELAR	CANCEL	CANCELAR
Guardado	Saved	Salvo
NOMBRE COMPLETO	FULL NAME	NOME COMPLETO
Storage no disponible todavía, espera un momento	Storage not available yet, wait a moment	Storage ainda não disponível, espere um momento
· NÓMINA REAL	· REAL NOMINATION	· NOMINATA REAL
· NÓMINA REAL (solo lectura)	· REAL NOMINATION (read only)	· NOMINATA REAL (somente leitura)
(con resultados)	(with results)	(com resultados)
(Práctica)	(Practice)	(Prática)
atletas con pesos	athletes with weights	atletas com pesos
Club Práctica FECHIPO	FECHIPO Practice Club	Clube Prática FECHIPO
Link de espectador copiado	Spectator link copied	Link do espectador copiado
Modo práctica — atletas ficticios, nada se guarda en el servidor. Click para ocultar.	Practice mode — fictitious athletes, nothing is saved to the server. Click to hide.	Modo prática — atletas fictícios, nada é salvo no servidor. Clique para ocultar.
No hay atletas cargados	No athletes loaded	Não há atletas carregados
OK —	OK —	OK —
Pesos de práctica cargados en	Practice weights loaded in	Pesos de prática carregados em
PRÁCTICA	PRACTICE	PRÁTICA
PRÁCTICA · ESPECTADOR	PRACTICE · SPECTATOR	PRÁTICA · ESPECTADOR
PRÁCTICA (no oficial)	PRACTICE (unofficial)	PRÁTICA (não oficial)
Práctica con nómina real — Firebase en solo lectura, no toca la competencia real. Click para ocultar.	Practice with the real nomination — Firebase read only, it does not touch the real competition. Click to hide.	Prática com a nominata real — Firebase somente leitura, não altera a competição real. Clique para ocultar.
Vista de espectador de la práctica (no oficial).	Practice spectator view (unofficial).	Visão de espectador da prática (não oficial).
. En tarima está compitiendo la	. On the platform now is	. Na plataforma está competindo a
↓ AL QUE ESTÁ EN TARIMA	↓ TO THE ONE ON THE PLATFORM	↓ PARA QUEM ESTÁ NA PLATAFORMA
Atleta extranjero — su historial no está en el padrón chileno	Foreign athlete — their history is not in the Chilean register	Atleta estrangeiro — seu histórico não está no cadastro chileno
Atleta nuevo — sin historial	New athlete — no history	Atleta novo — sem histórico
ATLETAS DEL CAMPEONATO	CHAMPIONSHIP ATHLETES	ATLETAS DO CAMPEONATO
AUTOMÁTICO	AUTOMATIC	AUTOMÁTICO
COMPETENCIA EN VIVO	LIVE COMPETITION	COMPETIÇÃO AO VIVO
dentro de su categoría y división. Al lado va el total proyectado y cuánto falta para el puesto de arriba.	within their category and division. Next to it are the projected total and how much is missing for the place above.	dentro de sua categoria e divisão. Ao lado vai o total projetado e quanto falta para a posição de cima.
El puesto de cada uno	Each one's place	A posição de cada um
Estás mirando la tanda	You are viewing session	Você está vendo a sessão
Estás mirando:	You are viewing:	Você está vendo:
HISTORIAL ·	HISTORY ·	HISTÓRICO ·
IR A LA TARIMA	GO TO THE PLATFORM	IR PARA A PLATAFORMA
Lo declarado por su federación al inscribirlo, no marcas de competencia	What their federation declared at registration, not competition marks	O declarado por sua federação ao inscrevê-lo, não marcas de competição
Lo válido más los intentos declarados que todavía no tienen decisión	Good lifts plus declared attempts that have no decision yet	O válido mais as tentativas declaradas que ainda não têm decisão
MARCAS NOMINADAS	NOMINATED TOTALS	MARCAS NOMINADAS
MEJORES MARCAS (CARRERA)	BEST MARKS (CAREER)	MELHORES MARCAS (CARREIRA)
MOSTRAR TRANSMISIÓN	SHOW BROADCAST	MOSTRAR TRANSMISSÃO
OCULTAR TRANSMISIÓN	HIDE BROADCAST	OCULTAR TRANSMISSÃO
PROYECT.	PROJECTED	PROJET.
RECIÉN SALIÓ	JUST FINISHED	ACABOU DE SAIR
si todos levantan lo que tienen declarado	if everyone lifts what they declared	se todos levantarem o que declararam
Sigue sola a la tanda que está en tarima	Follows the session on the platform automatically	Segue sozinha a sessão que está na plataforma
Suma de lo válido hasta ahora	Sum of good lifts so far	Soma do válido até agora
Tanda activa:	Active session:	Sessão ativa:
Toca el video para activar el sonido	Tap the video to turn on the sound	Toque no vídeo para ativar o som
Total oficial: válidos en los tres movimientos	Official total: good lifts in all three lifts	Total oficial: válidos nos três movimentos
TOTALES	TOTALS	TOTAIS
VER DÍA Y TANDA	SEE DAY AND SESSION	VER DIA E SESSÃO
VER TANDA	SEE SESSION	VER SESSÃO
Vuelo	Flight	Voo
EN TARIMA	ON THE PLATFORM	NA PLATAFORMA
, en esta competencia	, in this competition	, nesta competição
(con el peso anterior ya no era récord)	(with the previous weight it was no longer a record)	(com o peso anterior já não era recorde)
= récord batido en esta competencia.	= record broken in this competition.	= recorde quebrado nesta competição.
Cada atleta se mide contra su división y contra el Open.	Each athlete is measured against their division and against the Open.	Cada atleta é medido contra sua divisão e contra o Open.
CONFIRMAR & CERRAR	CONFIRM & CLOSE	CONFIRMAR E FECHAR
Desde un computador, pasando el mouse por una marca se ve quién la tiene.	On a computer, hovering over a mark shows who holds it.	Em um computador, passando o mouse sobre uma marca vê-se quem a tem.
INTENTO DE RÉCORD MUNDIAL	WORLD RECORD ATTEMPT	TENTATIVA DE RECORDE MUNDIAL
INTENTO DE RÉCORD MUNDIAL + TOTAL	WORLD RECORD + TOTAL ATTEMPT	TENTATIVA DE RECORDE MUNDIAL + TOTAL
INTENTO DE RÉCORD MUNDIAL DE TOTAL	WORLD TOTAL RECORD ATTEMPT	TENTATIVA DE RECORDE MUNDIAL DE TOTAL
INTENTO DE RÉCORD SUDAMERICANO + TOTAL	SOUTH AMERICAN RECORD + TOTAL ATTEMPT	TENTATIVA DE RECORDE SUL-AMERICANO + TOTAL
INTENTO DE RÉCORD SUDAMERICANO DE TOTAL	SOUTH AMERICAN TOTAL RECORD ATTEMPT	TENTATIVA DE RECORDE SUL-AMERICANO DE TOTAL
NUEVA MARCA	NEW MARK	NOVA MARCA
NUEVO —	NEW —	NOVO —
POSIBLE RÉCORD NACIONAL	POSSIBLE NATIONAL RECORD	POSSÍVEL RECORDE NACIONAL
RÉCORD ANTERIOR	PREVIOUS RECORD	RECORDE ANTERIOR
Récord nuevo —	New record —	Novo recorde —
RÉCORD SUD ·	S.A. RECORD ·	RECORDE SUL ·
RÉCORD UNIVERSITARIO	UNIVERSITY RECORD	RECORDE UNIVERSITÁRIO
sentadilla · banca · peso muerto · total, de las categorías que están en la tanda	squat · bench · deadlift · total, for the categories in the session	agachamento · supino · terra · total, das categorias que estão na sessão
sin récord	no record	sem recorde
Sin récord previo	No previous record	Sem recorde anterior
NUEVOS	NEW	NOVOS
NUEVO	NEW	NOVO
Sin Div	No Div	Sem Div
, pero	, but	, mas
: solo lo válido.	: good lifts only.	: só o válido.
: suma los intentos que tiene puestos como si fueran válidos, junto con lo que ya validó.	: adds up the attempts entered as if they were good, together with what is already good.	: soma as tentativas inseridas como se fossem válidas, junto com o que já validou.
. Ninguna categoría queda partida entre días.	. No category is split across days.	. Nenhuma categoria fica dividida entre dias.
atletas · todas las tandas	athletes · all sessions	atletas · todas as sessões
categoría	category	categoria
Cerrar competencia	Close competition	Encerrar competição
Con qué atletas se generan las actas de abajo	Which athletes the results sheets below are generated with	Com quais atletas as atas abaixo são geradas
Descalificado	Disqualified	Desclassificado
entre los dos días, así que ese podio queda incompleto:	between the two days, so that podium is incomplete:	entre os dois dias, então esse pódio fica incompleto:
Exportar	Export	Exportar
FILTRAR	FILTER	FILTRAR
INVITADO	GUEST	CONVIDADO
La misma acta en Excel, con los récords marcados	The same results sheet in Excel, with records marked	A mesma ata em Excel, com os recordes marcados
La posición sale del virtual — mientras la categoría siga compitiendo va marcada con	The position comes from the virtual one — while the category is still competing it is marked with	A posição sai do virtual — enquanto a categoria segue competindo vai marcada com
Las actas se van a generar solo con los atletas de	The results sheets will be generated only with the athletes of	As atas serão geradas só com os atletas de
las actas van a salir solo con	the results sheets will only include	as atas sairão só com
Limpiar filtros	Clear filters	Limpar filtros
Lista de récords batidos en este campeonato, en Excel y PDF	List of records broken in this championship, in Excel and PDF	Lista de recordes quebrados neste campeonato, em Excel e PDF
Lo que le falta al total proyectado para alcanzar al de arriba	What the projected total needs to reach the one above	O que falta ao total projetado para alcançar o de cima
Marcas de atletas chilenos que superan la tabla de récords nacionales: revisar y guardar	Marks by Chilean athletes that exceed the national records table: review and save	Marcas de atletas chilenos que superam a tabela de recordes nacionais: revisar e salvar
NO HAY ATLETAS CON ESOS FILTROS	NO ATHLETES WITH THOSE FILTERS	NÃO HÁ ATLETAS COM ESSES FILTROS
OLIMPIADAS ESPECIALES	SPECIAL OLYMPICS	OLIMPÍADAS ESPECIAIS
PDF de fondo blanco, agrupado por modalidad y categoría, con los récords sudamericanos resaltados en amarillo	White-background PDF, grouped by event and category, with South American records highlighted in yellow	PDF de fundo branco, agrupado por modalidade e categoria, com os recordes sul-americanos destacados em amarelo
Podios de todas las categorías (total, sentadilla, banca y peso muerto), cuántas medallas hay que entregar y el medallero por país o club	Podiums of all categories (total, squat, bench and deadlift), how many medals to award and the medal table by country or club	Pódios de todas as categorias (total, agachamento, supino e terra), quantas medalhas é preciso entregar e o quadro de medalhas por país ou clube
Posición actual	Current position	Posição atual
posición final	final position	posição final
Posición final	Final position	Posição final
POSICIÓN FINAL	FINAL POSITION	POSIÇÃO FINAL
Posición si el intento es válido	Position if the attempt is good	Posição se a tentativa for válida
POSICIÓN VIRTUAL	VIRTUAL POSITION	POSIÇÃO VIRTUAL
Posición virtual: todavía quedan intentos	Virtual position: attempts still remain	Posição virtual: ainda restam tentativas
POWERLIFTING — OLIMPIADAS ESPECIALES (OE)	POWERLIFTING — SPECIAL OLYMPICS (SO)	POWERLIFTING — OLIMPÍADAS ESPECIAIS (OE)
Prueba con otra combinación.	Try another combination.	Tente outra combinação.
Publica todos los resultados a Firestore — visibles inmediatamente en perfiles + ranking	Publishes all results to Firestore — visible immediately on profiles + ranking	Publica todos os resultados no Firestore — visíveis imediatamente nos perfis + ranking
s se reparten	s are awarded	s são distribuídas
se reparte	is awarded	é distribuída
Si levanta lo que tiene declarado	If they lift what they declared	Se levantar o que declarou
Sin División	No Division	Sem Divisão
Solo lo que ya validó	Only what is already good	Só o que já validou
Suma los intentos que tiene puestos como si fueran válidos, junto con lo que ya validó	Adds up the attempts entered as if they were good, together with what is already good	Soma as tentativas inseridas como se fossem válidas, junto com o que já validou
Todavía quedan intentos por levantar en esta categoría	There are still attempts to be lifted in this category	Ainda restam tentativas por levantar nesta categoria
Todos los géneros	All genders	Todos os gêneros
TOP 3 GL POINTS POR MODALIDAD, DIVISIÓN Y SEXO	TOP 3 GL POINTS BY EVENT, DIVISION AND SEX	TOP 3 GL POINTS POR MODALIDADE, DIVISÃO E SEXO
Total atletas	Total athletes	Total de atletas
y cuando se juzgan los nueve intentos de todos pasa a ser la	and when all nine attempts of everyone are judged it becomes the	e quando as nove tentativas de todos são julgadas passa a ser a
Ya no le queda nada por levantar	Nothing left to lift	Já não lhe resta nada por levantar
RESULTADOS	RESULTS	RESULTADOS
MAÑANA	MORNING	MANHÃ
TARDE	AFTERNOON	TARDE
VER DÍA	SEE DAY	VER DIA
¿CONFIRMAS el reinicio? Esta acción no se puede deshacer.	Do you CONFIRM the reset? This action cannot be undone.	CONFIRMA o reinício? Esta ação não pode ser desfeita.
(se reintenta solo)	(retrying automatically)	(tenta novamente sozinho)
adelante)	ahead)	à frente)
al día · hace	up to date · ago	em dia · há
apenas cargues algo se publica	as soon as you enter something it is published	assim que você carregar algo, é publicado
atrás ·	behind ·	atrás ·
CAMBIAR A CONTROLADOR	SWITCH TO CONTROLLER	MUDAR PARA CONTROLADOR
Datos en vivo reiniciados y propagados a todos los dispositivos y widgets.	Live data reset and propagated to all devices and widgets.	Dados ao vivo reiniciados e propagados a todos os dispositivos e widgets.
Deshacer (Ctrl+Z) —	Undo (Ctrl+Z) —	Desfazer (Ctrl+Z) —
EL PÚBLICO LO VE	THE PUBLIC SEES IT	O PÚBLICO VÊ
El público sigue viendo los datos anteriores. Revisa el indicador SYNC y vuelve a intentar.	The public still sees the previous data. Check the SYNC indicator and try again.	O público continua vendo os dados anteriores. Verifique o indicador SYNC e tente novamente.
EL PÚBLICO VE ALGO VIEJO	THE PUBLIC SEES SOMETHING OLD	O PÚBLICO VÊ ALGO ANTIGO
El reinicio se aplicó en ESTA pantalla pero NO se pudo guardar en el servidor	The reset was applied on THIS screen but could NOT be saved to the server	O reinício foi aplicado NESTA tela mas NÃO pôde ser salvo no servidor
El respaldo está vacío	The backup is empty	O backup está vazio
Error al recuperar:	Error recovering:	Erro ao recuperar:
Esta pantalla está en modo ESPECTADOR: no puede guardar en el servidor. Si reiniciara ahora, se borraría solo acá y el público seguiría viendo todo. ¿Cambiar esta pantalla a CONTROLADOR y continuar?	This screen is in SPECTATOR mode: it cannot save to the server. If you reset now, it would be deleted only here and the public would still see everything. Switch this screen to CONTROLLER and continue?	Esta tela está em modo ESPECTADOR: não pode salvar no servidor. Se reiniciar agora, seria apagado só aqui e o público continuaria vendo tudo. Mudar esta tela para CONTROLADOR e continuar?
Estado de la sincronización con el servidor	Server sync status	Estado da sincronização com o servidor
ESTÁS EN MODO ESPECTADOR — lo que cargas NO se guarda ni lo ve nadie.	YOU ARE IN SPECTATOR MODE — what you enter is NOT saved and nobody sees it.	VOCÊ ESTÁ EM MODO ESPECTADOR — o que você carrega NÃO é salvo nem ninguém vê.
Este es un evento OFICIAL: inicia sesión para operarlo	This is an OFFICIAL event: log in to operate it	Este é um evento OFICIAL: entre para operá-lo
guardado, pero sin confirmar hace	saved, but unconfirmed for	salvo, mas sem confirmar há
Inicia sesión con tu cuenta de administrador.	Log in with your administrator account.	Entre com sua conta de administrador.
lo que cargues acá no se guarda	what you enter here is not saved	o que você carregar aqui não é salvo
LOS CAMBIOS NO SE ESTÁN GUARDANDO — el espectador y OBS no ven lo que cargas.	CHANGES ARE NOT BEING SAVED — spectators and OBS do not see what you enter.	AS ALTERAÇÕES NÃO ESTÃO SENDO SALVAS — o espectador e o OBS não veem o que você carrega.
más atrás ·	further back ·	mais atrás ·
Nada para deshacer	Nothing to undo	Nada para desfazer
Nada para rehacer	Nothing to redo	Nada para refazer
Necesitas iniciar sesión como administrador para reiniciar los datos. No se borró nada.	You need to log in as an administrator to reset the data. Nothing was deleted.	Você precisa entrar como administrador para reiniciar os dados. Nada foi apagado.
NO SE ESTÁ GUARDANDO	NOT SAVING	NÃO ESTÁ SALVANDO
paso(s)	step(s)	passo(s)
porque está en modo ESPECTADOR.	because it is in SPECTATOR mode.	porque está em modo ESPECTADOR.
PUBLICANDO…	PUBLISHING…	PUBLICANDO…
Rehacer (Ctrl+Y) —	Redo (Ctrl+Y) —	Refazer (Ctrl+Y) —
REINICIAR datos en vivo de: "	RESET live data of: "	REINICIAR dados ao vivo de: "
reintentando solo	retrying automatically	tentando sozinho
Revisa la conexión a internet.	Check the internet connection.	Verifique a conexão com a internet.
Sesión recuperada:	Session recovered:	Sessão recuperada:
SIN CAMBIOS TODAVÍA	NO CHANGES YET	SEM ALTERAÇÕES AINDA
Sin conexión con el servidor. No se reinició nada: si borrara solo en esta pantalla, quedaría distinta del resto. Revisa tu conexión y vuelve a intentar.	No connection to the server. Nothing was reset: if it were deleted only on this screen, it would differ from the rest. Check your connection and try again.	Sem conexão com o servidor. Nada foi reiniciado: se apagasse só nesta tela, ficaria diferente das demais. Verifique sua conexão e tente novamente.
Solo admin puede reiniciar	Only admin can reset	Só o admin pode reiniciar
SOLO MIRAS	VIEW ONLY	SÓ OBSERVA
atletas,	athletes,	atletas,
— Auto (cat del lifter actual) —	— Auto (current lifter's cat) —	— Auto (cat. do levantador atual) —
— cópialos directo a OBS.	— copy them straight into OBS.	— copie-os direto no OBS.
— mantén el browser source siempre cargado en memoria para que el replay sea instantáneo.	— keep the browser source always loaded in memory so the replay is instant.	— mantenha a browser source sempre carregada na memória para que o replay seja instantâneo.
— Ninguno —	— None —	— Nenhum —
, así controla ESTA tarima y no la otra.	, so it controls THIS platform and not the other.	, assim controla ESTA plataforma e não a outra.
, así que en el barrido sale el de YourLift.	, so the sweep shows YourLift's.	, então na varredura aparece o do YourLift.
: "Cámara + Scoreboard" (cámara de fondo + browser source scoreboard encima), "Profile fullscreen", "Leaderboard fullscreen".	: "Camera + Scoreboard" (background camera + scoreboard browser source on top), "Profile fullscreen", "Leaderboard fullscreen".	: "Câmera + Scoreboard" (câmera de fundo + browser source scoreboard por cima), "Profile fullscreen", "Leaderboard fullscreen".
: si hay otro corriendo a la misma hora, sus jueces usan el link de ese.	: if another one runs at the same time, its referees use that one's link.	: se houver outro ao mesmo tempo, seus árbitros usam o link desse.
¿Eliminar	Delete	Excluir
¿Quitar el logo del campeonato?	Remove the championship logo?	Tirar o logo do campeonato?
¿Quitarlo y dejarlo transparente? Se recomienda: sobre el barrido y el scoreboard,	Remove it and leave it transparent? Recommended: over the sweep and the scoreboard,	Tirá-lo e deixá-lo transparente? Recomenda-se: sobre a varredura e o scoreboard,
¿Sacar "	Remove "	Tirar "
. Anda a Atletas & Pesaje en YourLift y carga pesos de apertura para que aparezca.	. Go to Athletes & Weigh-in in YourLift and enter opening weights so it appears.	. Vá em Atletas e Pesagem no YourLift e carregue pesos de abertura para que apareça.
. La animación se reproduce automáticamente cuando OBS activa la escena (vía evento	. The animation plays automatically when OBS activates the scene (via event	. A animação é reproduzida automaticamente quando o OBS ativa a cena (via evento
. Los links de abajo ya incluyen	. The links below already include	. Os links abaixo já incluem
. Valores: profile | scoreboard | leaderboard | lbauto | slam | timer | lights | barbell | tablaactual	. Values: profile | scoreboard | leaderboard | lbauto | slam | timer | lights | barbell | tablaactual	. Valores: profile | scoreboard | leaderboard | lbauto | slam | timer | lights | barbell | tablaactual
· Vuelo	· Flight	· Voo
(cualquiera, lo importante es el JSON del payload).	(any, what matters is the payload JSON).	(qualquer um, o importante é o JSON do payload).
(Elgato Stream Deck app):	(Elgato Stream Deck app):	(app Elgato Stream Deck):
(una sola vez):	(only once):	(uma única vez):
) que ocupa el	) taking up	) que ocupa
), así nunca se ve el flash de carga.	), so the loading flash is never seen.	), assim nunca se vê o flash de carregamento.
# Posición	# Position	# Posição
% de la imagen.	% of the image.	% da imagem.
• Event data (JSON): según qué quieras hacer, mira la tabla abajo.	• Event data (JSON): depending on what you want to do, see the table below.	• Event data (JSON): conforme o que quiser fazer, veja a tabela abaixo.
• Si tienes el plugin	• If you have the plugin	• Se você tem o plugin
→ activa	→ enable	→ ative
→ click "Guardar y conectar". Debería ponerse CONECTADO.	→ click "Save and connect". It should show CONNECTED.	→ clique em "Salvar e conectar". Deve ficar CONECTADO.
→ pega la URL del widget.	→ paste the widget URL.	→ cole a URL do widget.
→ pon un password → Apply.	→ set a password → Apply.	→ coloque uma senha → Apply.
↺ RESTAURAR DEFAULTS	↺ RESTORE DEFAULTS	↺ RESTAURAR PADRÕES
▸ AJUSTE FINO (colores individuales)	▸ FINE TUNING (individual colours)	▸ AJUSTE FINO (cores individuais)
1. Habilitar WebSocket en OBS	1. Enable WebSocket in OBS	1. Habilitar WebSocket no OBS
1° Modalidad —	1° Event —	1° Modalidade —
1920×1080 (autoescala)	1920×1080 (auto-scale)	1920×1080 (autoescala)
1920×1080 (contenido en el tercio inferior)	1920×1080 (content in the lower third)	1920×1080 (conteúdo no terço inferior)
1920×320 (parte inferior)	1920×320 (bottom part)	1920×320 (parte inferior)
2 competencias distintas	2 different competitions	2 competições diferentes
2° Sexo —	2° Sex —	2° Sexo —
3 círculos para izq / central / der. Se prenden blanco (good) o rojo (no lift) cuando los jueces votan en su panel. Ideal arriba de la cámara o en pantalla aparte.	3 circles for left / center / right. They light white (good) or red (no lift) when the referees vote on their panel. Ideal above the camera or on a separate screen.	3 círculos para esq / central / dir. Acendem branco (good) ou vermelho (no lift) quando os árbitros votam em seu painel. Ideal acima da câmera ou em tela separada.
3. Configurar Stream Deck	3. Set up Stream Deck	3. Configurar Stream Deck
3° División —	3° Division —	3° Divisão —
4° Categoría —	4° Category —	4° Categoria —
Acento / Podio	Accent / Podium	Destaque / Pódio
al mismo tiempo, deja	at the same time, leave	ao mesmo tempo, deixe
AÑOS COMPITIENDO	YEARS COMPETING	ANOS COMPETINDO
Aparece en el Perfil, el Scoreboard y la Tabla Actual. Recomendado: PNG con fondo transparente, 512×512 o más.	Appears on the Profile, the Scoreboard and the Current Table. Recommended: PNG with transparent background, 512×512 or larger.	Aparece no Perfil, no Scoreboard e na Tabela Atual. Recomendado: PNG com fundo transparente, 512×512 ou mais.
arrastra los bloques para mover	drag the blocks to move	arraste os blocos para mover
Barra con discos (lower-third)	Bar with plates (lower-third)	Barra com anilhas (lower-third)
Barra inferior con categoría, rank, timer, nombre, club e intentos. Aparece al cambiar levantador / intento / peso, queda 20s en pantalla y se va con animación. Hasta el próximo cambio queda oculto.	Bottom bar with category, rank, timer, name, club and attempts. Appears when lifter / attempt / weight changes, stays 20s on screen and leaves with an animation. Hidden until the next change.	Barra inferior com categoria, rank, timer, nome, clube e tentativas. Aparece ao mudar levantador / tentativa / peso, fica 20s na tela e sai com animação. Fica oculta até a próxima mudança.
Barra inferior izquierda con nombre, categoría e intentos cargados.	Bottom-left bar with name, category and entered attempts.	Barra inferior esquerda com nome, categoria e tentativas carregadas.
Bordes, total, pos 2-3, highlights	Borders, total, pos 2-3, highlights	Bordas, total, pos 2-3, destaques
Cada widget es una URL que se agrega como Browser Source en OBS. Actualiza en tiempo real desde Firestore — no necesita login.	Each widget is a URL added as a Browser Source in OBS. Updates in real time from Firestore — no login needed.	Cada widget é uma URL que se adiciona como Browser Source no OBS. Atualiza em tempo real a partir do Firestore — não precisa de login.
CAMPEONATO ACTIVO	ACTIVE CHAMPIONSHIP	CAMPEONATO ATIVO
Cargando el evento… espera a que el campeonato aparezca arriba y vuelve a intentar	Loading the event… wait for the championship to appear above and try again	Carregando o evento… espere o campeonato aparecer acima e tente novamente
CARGAR	LOAD	CARREGAR
Ceremonia (TODO-EN-UNO automático)	Ceremony (automatic ALL-IN-ONE)	Cerimônia (TUDO-EM-UM automático)
Color de la fila del atleta actual	Colour of the current athlete's row	Cor da linha do atleta atual
Color derecho del gradiente de la barra	Right colour of the bar gradient	Cor direita do gradiente da barra
Color principal de la barra del nombre	Main colour of the name bar	Cor principal da barra do nome
CÓMO CONFIGURAR (CLICK PARA EXPANDIR)	HOW TO SET UP (CLICK TO EXPAND)	COMO CONFIGURAR (CLIQUE PARA EXPANDIR)
Con	With	Com
Conectando a Firebase… espera unos segundos y vuelve a intentar	Connecting to Firebase… wait a few seconds and try again	Conectando ao Firebase… espere alguns segundos e tente novamente
Conectar	Connect	Conectar
Conectar automáticamente al abrir el panel	Connect automatically when opening the panel	Conectar automaticamente ao abrir o painel
CONTROL DE TRANSMISIÓN	BROADCAST CONTROL	CONTROLE DE TRANSMISSÃO
Control remoto	Remote control	Controle remoto
Crea	Create	Crie
DECISIÓN DEL JURADO ·	JURY DECISION ·	DECISÃO DO JÚRI ·
Decisión del jurado (esquina superior izquierda)	Jury decision (top-left corner)	Decisão do júri (canto superior esquerdo)
DESACTIVAR	DEACTIVATE	DESATIVAR
DESCONECTADO	DISCONNECTED	DESCONECTADO
Desconectar	Disconnect	Desconectar
Desenfoque fondo	Background blur	Desfoque do fundo
DESMARCAR	UNTICK	DESMARCAR
DETENER	STOP	PARAR
Director (control 100% MANUAL)	Director (100% MANUAL control)	Diretor (controle 100% MANUAL)
dividida en 2 tarimas físicas (mismo evento, flights A1/A2). Si son	split into 2 physical platforms (same event, flights A1/A2). If they are	dividida em 2 plataformas físicas (mesmo evento, flights A1/A2). Se forem
EDAD	AGE	IDADE
EDITOR DE LAYOUT	LAYOUT EDITOR	EDITOR DE LAYOUT
ej. DESCANSO, ALMUERZO, CAMBIO BARRA	e.g. BREAK, LUNCH, BAR CHANGE	ex.: INTERVALO, ALMOÇO, TROCA DE BARRA
El widget no encontró un atleta con peso cargado en el intento actual del flight	The widget did not find an athlete with a weight entered in the flight's current attempt	O widget não encontrou um atleta com peso carregado na tentativa atual do flight
Elegiste el logo de YourLift para el barrido. Por defecto va el del campeonato.	You chose the YourLift logo for the sweep. By default it is the championship's.	Você escolheu o logo do YourLift para a varredura. Por padrão vai o do campeonato.
Elige modalidad, sexo, división y categoría primero	Choose event, sex, division and category first	Escolha modalidade, sexo, divisão e categoria primeiro
en categoría	in category	na categoria
En el barrido se ve a pantalla completa: conviene un archivo grande.	In the sweep it is shown full screen: a large file is best.	Na varredura aparece em tela cheia: convém um arquivo grande.
En el barrido va el logo de este campeonato, a pantalla completa. Es lo que viene por defecto. Si no cargara, sale el de YourLift.	The sweep uses this championship's logo, full screen. It is the default. If it does not load, YourLift's is shown.	Na varredura vai o logo deste campeonato, em tela cheia. É o padrão. Se não carregar, aparece o do YourLift.
En OBS:	In OBS:	No OBS:
En OBS: Sources → + → Browser → pega esta URL → 1920×1080 → DESMARCAR "Refresh on activate" y "Shutdown when not visible".	In OBS: Sources → + → Browser → paste this URL → 1920×1080 → UNTICK "Refresh on activate" and "Shutdown when not visible".	No OBS: Sources → + → Browser → cole esta URL → 1920×1080 → DESMARQUE "Refresh on activate" e "Shutdown when not visible".
EN TARIMA ·	ON THE PLATFORM ·	NA PLATAFORMA ·
En Vivo	Live	Ao Vivo
Error al eliminar:	Error deleting:	Erro ao excluir:
Error al enviar comando:	Error sending command:	Erro ao enviar comando:
Error listando videos:	Error listing videos:	Erro ao listar vídeos:
Error subiendo logo:	Error uploading logo:	Erro ao enviar logo:
Error subiendo:	Error uploading:	Erro ao enviar:
ESCALA	SCALE	ESCALA
escenas separadas	separate scenes	cenas separadas
ESCONDER TODO	HIDE ALL	ESCONDER TUDO
ese fondo se ve como un cuadrado encima de la transmisión.	that background looks like a square on top of the broadcast.	esse fundo aparece como um quadrado em cima da transmissão.
Estás en TARIMA	You are on PLATFORM	Você está na PLATAFORMA
ESTE CAMPEONATO	THIS CHAMPIONSHIP	ESTE CAMPEONATO
este logo	this logo	este logo
esto reemplaza los hotkeys. Una vez conectado a OBS WS, no hace falta tener el panel en foco — los eventos llegan por WebSocket.	this replaces the hotkeys. Once connected to OBS WS, the panel does not need to be in focus — events arrive via WebSocket.	isto substitui os hotkeys. Uma vez conectado ao OBS WS, não é preciso ter o painel em foco — os eventos chegam por WebSocket.
ESTRUCTURA	STRUCTURE	ESTRUTURA
Fila actual	Current row	Linha atual
Flash de 2s con texto enorme verde (GOOD LIFT) o rojo (NO LIFT). Activa una sola vez con el botón "slam" del Stream Deck → queda armado y dispara automáticamente cuando marcas válido o nulo en Control en Vivo. Vuelve a apretar el botón para desarmarlo.	2s flash with huge green (GOOD LIFT) or red (NO LIFT) text. Activate once with the Stream Deck "slam" button → it stays armed and fires automatically when you mark good or no lift in Live Control. Press the button again to disarm it.	Flash de 2s com texto enorme verde (GOOD LIFT) ou vermelho (NO LIFT). Ative uma vez com o botão "slam" do Stream Deck → fica armado e dispara automaticamente quando você marca válido ou nulo no Controle ao Vivo. Aperte o botão de novo para desarmá-lo.
Flash de 2s en la esquina superior izquierda. Dispáralo tú cuando los jueces dictaminen.	2s flash in the top-left corner. Fire it yourself when the referees rule.	Flash de 2s no canto superior esquerdo. Dispare você quando os árbitros decidirem.
FONDO	BACKGROUND	FUNDO
Fondo de la fila de intentos	Attempts row background	Fundo da linha de tentativas
Fondo del encabezado del marcador/LB	Scoreboard/LB header background	Fundo do cabeçalho do placar/LB
Fondo del intento en curso	Current attempt background	Fundo da tentativa em curso
Fondo nombre	Name background	Fundo nome
Fondo nombre 2	Name background 2	Fundo nome 2
Fondo tarjeta	Card background	Fundo cartão
Fondo:	Background:	Fundo:
Franja inferior que muestra la barra con discos IPF a color, nombre del atleta, club, categoría, peso del intento en kg/lbs, ronda y pronóstico de posición ("Si es válido pasará del X° al Y° lugar"). Se anima al entrar cuando cambia el levantador.	Bottom strip showing the bar with IPF colour plates, athlete name, club, category, attempt weight in kg/lbs, round and position forecast ("If good, will go from X to Y place"). Animates in when the lifter changes.	Faixa inferior que mostra a barra com anilhas IPF coloridas, nome do atleta, clube, categoria, peso da tentativa em kg/lbs, rodada e prognóstico de posição ("Se for válido passará do X° ao Y° lugar"). Anima ao entrar quando muda o levantador.
GIF disponible para este atleta	GIF available for this athlete	GIF disponível para este atleta
Grid intentos	Attempts grid	Grade de tentativas
GUARDAR Y APLICAR	SAVE AND APPLY	SALVAR E APLICAR
Guardar y conectar	Save and connect	Salvar e conectar
Haz clic en CARGAR para ver los videos disponibles.	Click LOAD to see the available videos.	Clique em CARREGAR para ver os vídeos disponíveis.
Igual al leaderboard fijo, pero APARECE SOLO al detectar fin de ronda (cuando cambia lift/round/flight). Queda 10s en pantalla y se va. Ideal como overlay siempre activo en una escena de cámara.	Same as the fixed leaderboard, but APPEARS ONLY when the end of a round is detected (when lift/round/flight changes). Stays 10s on screen and leaves. Ideal as an always-on overlay in a camera scene.	Igual ao leaderboard fixo, mas APARECE SÓ ao detectar fim de rodada (quando muda lift/round/flight). Fica 10s na tela e sai. Ideal como overlay sempre ativo em uma cena de câmera.
Ingresa al menos 1 segundo	Enter at least 1 second	Insira pelo menos 1 segundo
INICIAR	START	INICIAR
instalado: agrega un botón con acción	installed: add a button with action	instalado: adicione um botão com ação
Intento actual	Current attempt	Tentativa atual
Intento bueno y banner GOOD LIFT	Good attempt and GOOD LIFT banner	Tentativa boa e banner GOOD LIFT
Intento fallido, banner NO LIFT y DQ	Failed attempt, NO LIFT banner and DQ	Tentativa falha, banner NO LIFT e DQ
INTENTOS	ATTEMPTS	TENTATIVAS
LABEL (opcional)	LABEL (optional)	RÓTULO (opcional)
LEADERBOARD Y MEDALLERO	LEADERBOARD AND MEDAL TABLE	LEADERBOARD E QUADRO DE MEDALHAS
Levantador actual:	Current lifter:	Levantador atual:
Librería obs-websocket-js no cargó (revisa la conexión a internet)	The obs-websocket-js library did not load (check the internet connection)	A biblioteca obs-websocket-js não carregou (verifique a conexão com a internet)
LINKS PARA LOS TELÉFONOS	LINKS FOR THE PHONES	LINKS PARA OS TELEFONES
logo agregado	logo added	logo adicionado
LOGO EN EL BARRIDO DE TRANSICIÓN	LOGO IN THE TRANSITION SWEEP	LOGO NA VARREDURA DE TRANSIÇÃO
Logo evento	Event logo	Logo do evento
Logo sacado de la pantalla	Logo removed from the screen	Logo retirado da tela
logos agregados	logos added	logos adicionados
Los tres círculos abajo a la izquierda, con el nombre del atleta y el intento. El tamaño se ajusta acá abajo. Se deja prendido toda la competencia: mientras no hay decisión no se ve nada, y aparece solo cuando los jueces marcan. Es un espejo — el válido o el nulo se sigue dando en Control en Vivo o en la planilla.	The three circles bottom-left, with the athlete's name and attempt. Size is set below. Leave it on the whole competition: while there is no decision nothing shows, and it appears only when the referees mark. It is a mirror — good or no lift is still given in Live Control or the timekeeper panel.	Os três círculos embaixo à esquerda, com o nome do atleta e a tentativa. O tamanho se ajusta aqui embaixo. Deixa-se ligado a competição toda: enquanto não há decisão não aparece nada, e surge só quando os árbitros marcam. É um espelho — o válido ou o nulo continua sendo dado no Controle ao Vivo ou na planilha.
Los widgets leen el estado en vivo: lifter actual, intento, peso, timer. Cuando marcas válido o nulo en "Control en Vivo", todos los widgets se actualizan en tiempo real.	The widgets read the live state: current lifter, attempt, weight, timer. When you mark good or no lift in "Live Control", all widgets update in real time.	Os widgets leem o estado ao vivo: levantador atual, tentativa, peso, timer. Quando você marca válido ou nulo no "Controle ao Vivo", todos os widgets se atualizam em tempo real.
Luces de jueces	Referee lights	Luzes dos árbitros
Marcador (lower-third)	Scoreboard (lower-third)	Placar (lower-third)
Medallero (Top 3)	Medal table (Top 3)	Quadro de medalhas (Top 3)
MEDIA EN PERFIL:	MEDIA IN PROFILE:	MÍDIA NO PERFIL:
MEJOR MARCA	BEST MARK	MELHOR MARCA
MEJOR MARCA PESO MUERTO	BEST DEADLIFT	MELHOR MARCA TERRA
MEJOR MARCA PRESS BANCA	BEST BENCH PRESS	MELHOR MARCA SUPINO
MEJOR MARCA SENTADILLA	BEST SQUAT	MELHOR MARCA AGACHAMENTO
Mixto: fullscreen opaco durante PROFILE, transparente sobre cámara durante SCOREBOARD/IDLE. Una sola escena con cámara de fondo + este browser source encima.	Mixed: opaque fullscreen during PROFILE, transparent over the camera during SCOREBOARD/IDLE. A single scene with background camera + this browser source on top.	Misto: fullscreen opaco durante PROFILE, transparente sobre a câmera durante SCOREBOARD/IDLE. Uma só cena com câmera de fundo + esta browser source por cima.
Mixto. Una sola escena con cámara de fondo + este browser source encima. Tú eliges qué se ve y por cuánto tiempo desde el panel Control TX.	Mixed. A single scene with background camera + this browser source on top. You choose what is shown and for how long from the TX Control panel.	Misto. Uma só cena com câmera de fundo + esta browser source por cima. Você escolhe o que aparece e por quanto tempo no painel Controle TX.
Modo "una sola tarima". Si van a transmitir 2 tarimas en paralelo, cada equipo debe elegir Tarima 1 o 2 aquí.	"Single platform" mode. If 2 platforms are broadcast in parallel, each team must choose Platform 1 or 2 here.	Modo "uma só plataforma". Se forem transmitir 2 plataformas em paralelo, cada equipe deve escolher Plataforma 1 ou 2 aqui.
Movimiento (vw)	Lift (vw)	Movimento (vw)
No hay logo de campeonato subido	No championship logo uploaded	Não há logo de campeonato enviado
No hay videos en storage. Sube uno con	No videos in storage. Upload one with	Não há vídeos no storage. Envie um com
NO se activa solo. Lee comandos desde Firestore (livecast_director/current) que envías tú desde la barra lateral "Control TX". Cada componente (perfil, marcador, tabla, timer, slam) se muestra/esconde con un botón. Ideal si quieres controlar todo a mano sin tocar OBS.	Does NOT activate on its own. Reads commands from Firestore (livecast_director/current) that you send from the "TX Control" sidebar. Each component (profile, scoreboard, table, timer, slam) is shown/hidden with a button. Ideal if you want to control everything by hand without touching OBS.	NÃO se ativa sozinho. Lê comandos do Firestore (livecast_director/current) que você envia pela barra lateral "Controle TX". Cada componente (perfil, placar, tabela, timer, slam) é mostrado/escondido com um botão. Ideal se quiser controlar tudo à mão sem tocar no OBS.
NOMBRE / BARRA	NAME / BAR	NOME / BARRA
Nota:	Note:	Nota:
o ESC	or ESC	ou ESC
OBS → menú	OBS → menu	OBS → menu
Opaca (azul oscuro). Escena fullscreen.	Opaque (dark blue). Fullscreen scene.	Opaca (azul escuro). Cena fullscreen.
Opacidad overlay	Overlay opacity	Opacidade do overlay
PALETA DE COLORES	COLOUR PALETTE	PALETA DE CORES
Panel de jueces	Referees panel	Painel de árbitros
Pantalla completa con foto placeholder, nombre, club, categoría, edad, años compitiendo y PB. Animación cascada al entrar. Mostrar ~10s antes de la tarima.	Full screen with placeholder photo, name, club, category, age, years competing and PB. Cascade animation on entry. Show ~10s before the platform.	Tela cheia com foto provisória, nome, clube, categoria, idade, anos competindo e PB. Animação em cascata ao entrar. Mostrar ~10s antes da plataforma.
Pantalla completa con nombre, categoría, club, edad, PB del atleta actual.	Full screen with the current athlete's name, category, club, age and PB.	Tela cheia com nome, categoria, clube, idade e PB do atleta atual.
Para manejar el overlay desde el teléfono.	To control the overlay from the phone.	Para controlar o overlay pelo telefone.
Password	Password	Senha
Payloads JSON aceptados:	Accepted JSON payloads:	Payloads JSON aceitos:
Perfil del atleta	Athlete profile	Perfil do atleta
Podio de una categoría específica. Elige en orden: modalidad → sexo → división → categoría. Y qué premio: el total o cada movimiento por separado.	Podium of a specific category. Choose in order: event → sex → division → category. And which award: the total or each lift separately.	Pódio de uma categoria específica. Escolha em ordem: modalidade → sexo → divisão → categoria. E qual prêmio: o total ou cada movimento separado.
PREMIACIÓN	AWARDS	PREMIAÇÃO
Primero elige un campeonato	First choose a championship	Primeiro escolha um campeonato
Primero elige un campeonato. Los widgets necesitan saber qué evento mostrar.	First choose a championship. The widgets need to know which event to show.	Primeiro escolha um campeonato. Os widgets precisam saber qual evento mostrar.
Primero elige un evento	First choose an event	Primeiro escolha um evento
Probar evento (toggle perfil)	Test event (toggle profile)	Testar evento (alternar perfil)
PRÓXIMO MOVIMIENTO	NEXT LIFT	PRÓXIMO MOVIMENTO
Puerto	Port	Porta
Ranking completo de la categoría actual. Cascada fila por fila. SIEMPRE visible mientras la escena esté activa — úsalo para escenas de pausa entre rondas que manejas tú manualmente.	Full ranking of the current category. Cascades row by row. ALWAYS visible while the scene is active — use it for break scenes between rounds that you control manually.	Ranking completo da categoria atual. Cascata linha por linha. SEMPRE visível enquanto a cena estiver ativa — use-o para cenas de pausa entre rodadas que você controla manualmente.
Ranking de la categoría del lifter actual, esquina inferior derecha. Entra desde abajo, queda fijo. El levantador en pantalla se resalta y muestra la flecha de proyección (pos actual → pos si lo levanta).	Ranking of the current lifter's category, bottom-right corner. Enters from below, stays fixed. The lifter on screen is highlighted with the projection arrow (current pos → pos if lifted).	Ranking da categoria do levantador atual, canto inferior direito. Entra por baixo, fica fixo. O levantador na tela é destacado e mostra a seta de projeção (pos atual → pos se levantar).
Ranking de la categoría del lifter en pantalla, esquina inferior derecha. Entra deslizando desde abajo, queda fijo. El levantador actual se resalta y muestra una flecha de proyección: posición actual → posición que tendría si el intento es válido (ej. 2→1 si se mueve al primer lugar). Activa/desactiva con el botón "Tabla actual" en Control TX o tecla A.	Ranking of the on-screen lifter's category, bottom-right corner. Slides in from below, stays fixed. The current lifter is highlighted with a projection arrow: current position → position if the attempt is good (e.g. 2→1 if they move to first place). Toggle with the "Current table" button in TX Control or key A.	Ranking da categoria do levantador na tela, canto inferior direito. Entra deslizando por baixo, fica fixo. O levantador atual é destacado e mostra uma seta de projeção: posição atual → posição que teria se a tentativa for válida (ex.: 2→1 se passar ao primeiro lugar). Ativa/desativa com o botão "Tabela atual" no Controle TX ou tecla A.
Ranking de la categoría seleccionada abajo. Si "Auto", usa la del lifter actual.	Ranking of the category selected below. If "Auto", uses the current lifter's.	Ranking da categoria selecionada abaixo. Se "Auto", usa a do levantador atual.
REANUDAR	RESUME	RETOMAR
RÉCORD NACIONAL · RÉCORD NACIONAL ·	NATIONAL RECORD · NATIONAL RECORD ·	RECORDE NACIONAL · RECORDE NACIONAL ·
Reloj configurable para break entre lifts/vuelos/almuerzo. Aparece en grande al centro de la pantalla con cuenta regresiva.	Configurable clock for breaks between lifts/flights/lunch. Shown large in the centre of the screen with a countdown.	Relógio configurável para intervalo entre lifts/voos/almoço. Aparece grande no centro da tela com contagem regressiva.
Reset a 1.00x	Reset to 1.00x	Voltar a 1.00x
Revisando…	Checking…	Verificando…
s restantes	s remaining	s restantes
SETUP EN OBS	OBS SETUP	SETUP NO OBS
SI LO LEVANTA	IF LIFTED	SE LEVANTAR
si OBS corre en la misma PC), puerto y password arriba	if OBS runs on the same PC), port and password above	se o OBS roda no mesmo PC), porta e senha acima
Si una escena no se anima al activarse (versiones viejas de OBS), recarga manualmente el browser source con click derecho → "Refresh".	If a scene does not animate when activated (old OBS versions), reload the browser source manually with right click → "Refresh".	Se uma cena não animar ao ser ativada (versões antigas do OBS), recarregue a browser source manualmente com clique direito → "Refresh".
Sin GIF — se mostrará foto/iniciales	No GIF — photo/initials will be shown	Sem GIF — será mostrada foto/iniciais
SIN LEVANTADOR ACTUAL	NO CURRENT LIFTER	SEM LEVANTADOR ATUAL
Sin logo	No logo	Sem logo
Sin peso cargado	No weight entered	Sem peso carregado
Sin resultados todavía	No results yet	Ainda sem resultados
Solo un admin logueado puede controlar la transmisión	Only a logged-in admin can control the broadcast	Só um admin logado pode controlar a transmissão
Storage no disponible	Storage not available	Storage não disponível
Storage no disponible todavía	Storage not available yet	Storage ainda não disponível
Subido	Uploaded	Enviado
SUBIR	UPLOAD	ENVIAR
SUBIR.	UPLOAD.	ENVIAR.
TABLA ACTUAL ·	CURRENT TABLE ·	TABELA ATUAL ·
Tabla actual (corner)	Current table (corner)	Tabela atual (canto)
Tabla de clasificación	Standings table	Tabela de classificação
Tabla de clasificación (AUTO)	Standings table (AUTO)	Tabela de classificação (AUTO)
Tabla de clasificación (FIJO)	Standings table (FIXED)	Tabela de classificação (FIXA)
TAMAÑO	SIZE	TAMANHO
Tamaño:	Size:	Tamanho:
Tampoco marqués	Do not tick either	Também não marque
Tarima 1	Platform 1	Plataforma 1
Tarima 2	Platform 2	Plataforma 2
TARIMA DE ESTE EQUIPO	THIS TEAM'S PLATFORM	PLATAFORMA DESTA EQUIPE
Tarjeta del leaderboard y filas del medallero	Leaderboard card and medal table rows	Cartão do leaderboard e linhas do quadro de medalhas
Texto del puesto en marcador (pos 4+)	Place text on the scoreboard (pos 4+)	Texto da posição no placar (pos 4+)
Texto nombre	Name text	Texto nome
Texto sobre la barra del nombre	Text over the name bar	Texto sobre a barra do nome
Timer de descanso	Rest timer	Timer de descanso
Toggle on/off por componente. Compatible con Stream Deck — cada acción tiene una tecla asignada.	On/off toggle per component. Compatible with Stream Deck — each action has an assigned key.	Liga/desliga por componente. Compatível com Stream Deck — cada ação tem uma tecla atribuída.
Transiciones de OBS (Stinger/Fade/Cut) entre escenas — la animación de entrada la maneja la página al activarse la escena.	OBS transitions (Stinger/Fade/Cut) between scenes — the entry animation is handled by the page when the scene activates.	Transições do OBS (Stinger/Fade/Cut) entre cenas — a animação de entrada é feita pela página ao ativar a cena.
Transparente (overlay sobre cámara).	Transparent (overlay on camera).	Transparente (overlay sobre a câmera).
Transparente (overlay sobre cámara). Fondo se fusiona hacia abajo.	Transparent (overlay on camera). Background fades downward.	Transparente (overlay sobre a câmera). O fundo se funde para baixo.
Transparente (overlay sobre cámara). Solo ocupa el cuadrante inferior derecho.	Transparent (overlay on camera). Only takes up the bottom-right quadrant.	Transparente (overlay sobre a câmera). Ocupa só o quadrante inferior direito.
Transparente (superpuesto sobre cámara).	Transparent (overlaid on camera).	Transparente (sobreposto à câmera).
Transparente. Funciona solo si activas "Modo Jueces" en Control en Vivo.	Transparent. Works only if you enable "Referee Mode" in Live Control.	Transparente. Funciona só se você ativar o "Modo Árbitros" no Controle ao Vivo.
Transparente. Sumar como capa encima de la cámara, siempre visible.	Transparent. Add as a layer on top of the camera, always visible.	Transparente. Adicionar como camada sobre a câmera, sempre visível.
una misma competencia	the same competition	uma mesma competição
Una sola tarima	Single platform	Uma só plataforma
Uno por cada juez. Es de este campeonato	One for each referee. It belongs to this championship	Um para cada árbitro. É deste campeonato
URL DEL WIDGET PARA OBS (UNA SOLA VEZ)	WIDGET URL FOR OBS (ONLY ONCE)	URL DO WIDGET PARA OBS (UMA ÚNICA VEZ)
Usa Tarima 1/2 SOLO si es	Use Platform 1/2 ONLY if it is	Use Plataforma 1/2 SÓ se for
VIDEO	VIDEO	VÍDEO
VIDEOS DE FONDO	BACKGROUND VIDEOS	VÍDEOS DE FUNDO
Widget desconocido:	Unknown widget:	Widget desconhecido:
Widget orquestador. Detecta nuevo levantador → PROFILE fullscreen 5s → SCOREBOARD bottom-left (30s) → SLAM top-left flash al marcar resultado → IDLE hasta el próximo. Sin tabla de clasificación: ese ciclo lo manejás aparte con el widget Leaderboard fijo. (El tiempo para dar el intento ya no se muestra acá — es privado, solo lo ve el juez en Control en Vivo.)	Orchestrator widget. Detects a new lifter → PROFILE fullscreen 5s → SCOREBOARD bottom-left (30s) → SLAM top-left flash when the result is marked → IDLE until the next. No standings table: that cycle is handled separately with the fixed Leaderboard widget. (The time to submit the attempt is no longer shown here — it is private, only the referee sees it in Live Control.)	Widget orquestrador. Detecta novo levantador → PROFILE fullscreen 5s → SCOREBOARD embaixo à esquerda (30s) → SLAM flash em cima à esquerda ao marcar resultado → IDLE até o próximo. Sem tabela de classificação: esse ciclo é controlado à parte com o widget Leaderboard fixo. (O tempo para entregar a tentativa já não aparece aqui — é privado, só o árbitro vê no Controle ao Vivo.)
WIDGETS PARA OBS	WIDGETS FOR OBS	WIDGETS PARA OBS
Width/Height según el widget (Profile y Leaderboard: 1920×1080 · Scoreboard: 1920×1080 también, ya queda posicionado abajo).	Width/Height depending on the widget (Profile and Leaderboard: 1920×1080 · Scoreboard: 1920×1080 too, already positioned at the bottom).	Width/Height conforme o widget (Profile e Leaderboard: 1920×1080 · Scoreboard: 1920×1080 também, já fica posicionado embaixo).
y abre el evento que corresponda en cada PC — los datos y el director ya se separan por evento automáticamente.	and open the right event on each PC — data and director are split by event automatically.	e abra o evento correspondente em cada PC — os dados e o diretor já se separam por evento automaticamente.
y de la tarima	and the platform	e da plataforma
YA VOLVEMOS (vw)	WE'LL BE RIGHT BACK (vw)	JÁ VOLTAMOS (vw)
Posición	Position	Posição
Logo del campeonato	Championship logo	Logo do campeonato
Subir logo	Upload logo	Enviar logo
(opcional)	(optional)	(opcional)
Quitar	Remove	Tirar
PROYECCIÓN	PROJECTION	PROJEÇÃO
Subiendo...	Uploading...	Enviando...
Subiendo	Uploading	Enviando
Cambiar logo	Change logo	Mudar logo
Errores:	Errors:	Erros:
FOTO	PHOTO	FOTO
Error al cargar	Error loading	Erro ao carregar
Prueba limpiar el caché del navegador (Ctrl+Shift+R).	Try clearing the browser cache (Ctrl+Shift+R).	Tente limpar o cache do navegador (Ctrl+Shift+R).
Verificando sesión...	Checking session...	Verificando sessão...
↻ Recargar	↻ Reload	↻ Recarregar
Cargando...	Loading...	Carregando...
— solo puede marcar luces, no entra al panel	— can only mark lights, does not enter the panel	— só pode marcar luzes, não entra no painel
: en este panel solo ve el acceso a YourLift, y adentro solo Control TX, Control Remoto, Transmisión, Widgets OBS y Pantalla de Tarima.	: in this panel they only see the YourLift access, and inside only TX Control, Remote Control, Broadcast, OBS Widgets and Platform Screen.	: neste painel só vê o acesso ao YourLift, e dentro só Controle TX, Controle Remoto, Transmissão, Widgets OBS e Tela da Plataforma.
: la que corre el campeonato. En este panel solo ve el acceso a YourLift, y adentro tiene lo mismo que un admin — Atletas y Pesaje, Control en Vivo, Documentos, Resultados y actas. Lo que no ve es el resto del panel: nóminas, base de atletas y configuración.	: the one running the championship. In this panel they only see the YourLift access, and inside they have the same as an admin — Athletes & Weigh-in, Live Control, Documents, Results and results sheets. What they do not see is the rest of the panel: nominations, athlete database and settings.	: a que conduz o campeonato. Neste painel só vê o acesso ao YourLift, e dentro tem o mesmo que um admin — Atletas e Pesagem, Controle ao Vivo, Documentos, Resultados e atas. O que não vê é o resto do painel: nominatas, base de atletas e configuração.
? Su cuenta de Firebase se mantiene pero ya no podrá entrar al panel.	? Their Firebase account is kept but they will no longer be able to enter the panel.	? A conta Firebase é mantida, mas não poderá mais entrar no painel.
¿Revocar a	Revoke	Revogar
¿Revocar acceso de admin a	Revoke admin access for	Revogar acesso de admin de
. Si necesitas agregar otro admin manualmente, crea un documento con su UID como ID.	. If you need to add another admin manually, create a document with their UID as ID.	. Se precisar adicionar outro admin manualmente, crie um documento com o UID dele como ID.
· solo luces	· lights only	· só luzes
(tú)	(you)	(você)
Acceso revocado:	Access revoked:	Acesso revogado:
Admin — acceso completo al panel	Admin — full panel access	Admin — acesso completo ao painel
Admin creado:	Admin created:	Admin criado:
Admins activos	Active admins	Admins ativos
como juez? Su cuenta de Firebase se mantiene, pero sus luces dejan de llegar a la tarima.	as referee? Their Firebase account is kept, but their lights stop reaching the platform.	como árbitro? A conta Firebase é mantida, mas suas luzes deixam de chegar à plataforma.
Completa todos los campos	Fill in all the fields	Preencha todos os campos
Contraseña (mín. 6 caracteres)	Password (min. 6 characters)	Senha (mín. 6 caracteres)
Contraseña segura	Strong password	Senha segura
Correo electrónico	Email	E-mail
Crea y gestiona las cuentas que pueden acceder a este panel. Las cuentas se guardan en Firebase.	Create and manage the accounts that can access this panel. Accounts are stored in Firebase.	Crie e gerencie as contas que podem acessar este painel. As contas são salvas no Firebase.
Cuenta de juez guardada entre los admins: para Firestore tiene acceso completo. Revocala y creala de nuevo como "Juez" para que quede cerrada.	Referee account stored among the admins: it has full Firestore access. Revoke it and create it again as "Referee" so it is locked down.	Conta de árbitro salva entre os admins: para o Firestore tem acesso completo. Revogue-a e crie-a de novo como "Árbitro" para que fique fechada.
es la única cuenta realmente cerrada: no se guarda entre los admins, así que este panel y el control en vivo la rechazan. Lo único que puede hacer es marcar su luz en	is the only truly locked account: it is not stored among the admins, so this panel and live control reject it. The only thing it can do is mark its light on	é a única conta realmente fechada: não é salva entre os admins, então este painel e o controle ao vivo a recusam. A única coisa que pode fazer é marcar sua luz em
Ese correo ya tiene una cuenta en Firebase. Puedes agregarlo manualmente a Firestore con su UID.	That email already has a Firebase account. You can add it manually to Firestore with its UID.	Esse e-mail já tem uma conta no Firebase. Você pode adicioná-lo manualmente ao Firestore com seu UID.
Este UID también está en Firestore → colección	This UID is also in Firestore → collection	Este UID também está no Firestore → coleção
Gestión de Administradores	Administrator Management	Gestão de Administradores
Juez creado:	Referee created:	Árbitro criado:
La contraseña debe tener al menos 6 caracteres	The password must be at least 6 characters	A senha deve ter pelo menos 6 caracteres
Luces jueces — SOLO yourlift.cl/jueces, no entra a ningún panel	Referee lights — ONLY yourlift.cl/jueces, does not enter any panel	Luzes árbitros — SÓ yourlift.cl/jueces, não entra em nenhum painel
Mesa técnica — solo YourLift, con la competencia completa	Technical table — YourLift only, with the full competition	Mesa técnica — só YourLift, com a competição completa
Nombre Apellido	First Last	Nome Sobrenome
Nuevo administrador	New administrator	Novo administrador
Ojo con las tres de arriba:	Watch out for the top three:	Atenção às três de cima:
Revocar	Revoke	Revogar
Rol	Role	Função
se guardan entre los admins, así que el rol esconde botones pero no cierra la base de datos. En un computador compartido, cierra la sesión al terminar.	are stored among the admins, so the role hides buttons but does not lock the database. On a shared computer, log out when done.	são salvas entre os admins, então a função esconde botões mas não fecha o banco de dados. Em um computador compartilhado, saia ao terminar.
Solo el owner puede gestionar cuentas.	Only the owner can manage accounts.	Só o owner pode gerenciar contas.
Streaming — solo YourLift, únicamente pantallas de transmisión	Streaming — YourLift only, broadcast screens only	Streaming — só YourLift, apenas telas de transmissão
Superadmin — puede crear/eliminar admins	Superadmin — can create/delete admins	Superadmin — pode criar/excluir admins
Transmisión — en YourLift no entra a Control en Vivo	Broadcast — in YourLift does not enter Live Control	Transmissão — no YourLift não entra no Controle ao Vivo
Transmisión es un rol solo de YourLift — en este panel tiene el mismo acceso que "Admin".	Broadcast is a YourLift-only role — in this panel it has the same access as "Admin".	Transmissão é uma função só do YourLift — neste painel tem o mesmo acesso que "Admin".
Tu UID:	Your UID:	Seu UID:
UID DEL SUPERADMIN ACTUAL	CURRENT SUPERADMIN UID	UID DO SUPERADMIN ATUAL
y arrancar el cronómetro. Es la que va en los teléfonos de los jueces — si queda una sesión abierta, no da acceso a nada más.	and start the stopwatch. It is the one that goes on the referees' phones — if a session is left open, it gives access to nothing else.	e iniciar o cronômetro. É a que vai nos telefones dos árbitros — se ficar uma sessão aberta, não dá acesso a mais nada.
Juez	Referee	Árbitro
Mesa técnica	Technical table	Mesa técnica
Sin acceso	No access	Sem acesso
Creando...	Creating...	Criando...
Crear cuenta	Create account	Criar conta
Nombre completo	Full name	Nome completo
1 de mayo de 2026	May 1, 2026	1º de maio de 2026
13 DE JUNIO · 2026	JUNE 13 · 2026	13 DE JUNHO · 2026
2 de septiembre de 2026	September 2, 2026	2 de setembro de 2026
30 DÍAS	30 DAYS	30 DIAS
60 DÍAS	60 DAYS	60 DIAS
7 DÍAS	7 DAYS	7 DIAS
8 de agosto	August 8	8 de agosto
90 DÍAS	90 DAYS	90 DIAS
Acceso denegado. UID:	Access denied. UID:	Acesso negado. UID:
ADEL/WADA Internacional	International ADEL/WADA	ADEL/WADA Internacional
Adentro vas a encontrar	Inside you will find	Dentro você vai encontrar
agosto 2026	August 2026	agosto 2026
Agrega este UID a Firestore → admins/	Add this UID to Firestore → admins/	Adicione este UID ao Firestore → admins/
Anuncio de presencia en un campeonato	Announcement of attendance at a championship	Anúncio de presença em um campeonato
Anuncio de récord nacional	National record announcement	Anúncio de recorde nacional
Anuncio general del sitio	General site announcement	Anúncio geral do site
Anuncio genérico	Generic announcement	Anúncio genérico
Archivado	Archived	Arquivado
Atleta y compañeros unificados · uso de imagen	Athlete and unified partners · image use	Atleta e parceiros unificados · uso de imagem
Atletas campeones de su categoría en el último Campeonato Nacional.	Athletes who won their category at the last National Championship.	Atletas campeões de sua categoria no último Campeonato Nacional.
Atletas cuyo último registro competitivo fue el Campeonato Nacional (hasta el Segundo lugar).	Athletes whose last competitive record was the National Championship (up to Second place).	Atletas cujo último registro competitivo foi o Campeonato Nacional (até o Segundo lugar).
Atletas cuyo último registro competitivo fue en un evento internacional y competirán en la misma categoría de peso.	Athletes whose last competitive record was at an international event and who will compete in the same weight class.	Atletas cujo último registro competitivo foi em um evento internacional e que competirão na mesma categoria de peso.
Atletas debutantes que han cumplido su período de restricción de participación según el Anexo 2, por ingreso desde organización de Powerlifting o fuera del reconocimiento de la WADA.	Debutant athletes who have completed their participation restriction period under Annex 2, for coming from a Powerlifting organisation or one outside WADA recognition.	Atletas estreantes que cumpriram seu período de restrição de participação conforme o Anexo 2, por ingresso a partir de organização de Powerlifting ou fora do reconhecimento da WADA.
Atletas debutantes sin registro de participación de ninguna organización diferente a la IPF y reconocidas por la WADA como federación firmante.	Debutant athletes with no participation record in any organisation other than the IPF and those recognised by WADA as a signatory federation.	Atletas estreantes sem registro de participação em nenhuma organização diferente da IPF e reconhecidas pela WADA como federação signatária.
Atletas más fuertes	Strongest athletes	Atletas mais fortes
Atletas que compitieron y desean bajar de categoría de peso corporal respecto a la de su última competencia en Campeonato nacional o internacional.	Athletes who have competed and wish to move down a bodyweight class from their last National or international Championship.	Atletas que competiram e desejam descer de categoria de peso corporal em relação à de sua última competição em Campeonato nacional ou internacional.
Atletas que compitieron y desean subir de categoría de peso corporal respecto a la de su última competencia en Campeonato nacional o internacional, pero sin convalidar el total registrado a una nueva categoría de peso corporal.	Athletes who have competed and wish to move up a bodyweight class from their last National or international Championship, without carrying their recorded total over to the new class.	Atletas que competiram e desejam subir de categoria de peso corporal em relação à de sua última competição em Campeonato nacional ou internacional, mas sem convalidar o total registrado para uma nova categoria de peso corporal.
Atletas que durante el año compitieron y fueron descalificados en modalidad powerlifting u only bench classic o equipado según corresponda.	Athletes who competed during the year and were disqualified in powerlifting or bench only, classic or equipped as applicable.	Atletas que durante o ano competiram e foram desclassificados na modalidade powerlifting ou only bench classic ou equipado, conforme o caso.
Atletas que ya han competido pero que no tienen registro en el actual circuito competitivo (ranking). Este punto no considera a los atletas que compitieron y fueron descalificados en alguna competencia durante el año.	Athletes who have already competed but have no record in the current competitive circuit (ranking). This does not include athletes who competed and were disqualified in a competition during the year.	Atletas que já competiram mas não têm registro no atual circuito competitivo (ranking). Este ponto não considera os atletas que competiram e foram desclassificados em alguma competição durante o ano.
Atletas y pesaje	Athletes and weigh-in	Atletas e pesagem
Atletas y Pesaje	Athletes & Weigh-in	Atletas e Pesagem
Aviso de transmisión	Broadcast notice	Aviso de transmissão
Borrador	Draft	Rascunho
Búsqueda (Google/Bing)	Search (Google/Bing)	Busca (Google/Bing)
Calculadora GL / IPF	GL / IPF Calculator	Calculadora GL / IPF
Campeón/a overall: foto del sistema, club, marcas y GL	Overall champion: system photo, club, marks and GL	Campeão/ã overall: foto do sistema, clube, marcas e GL
Cara frontal del carnet	Front of the ID card	Frente do documento de identidade
Cara trasera del carnet	Back of the ID card	Verso do documento de identidade
Carnet · WADA · Foto	ID card · WADA · Photo	Identidade · WADA · Foto
Carnet de Identidad (frente)	National ID card (front)	Documento de identidade (frente)
Carnet de Identidad (reverso)	National ID card (back)	Documento de identidade (verso)
Carta coleccionable (estilo FUT) con marcas, bandera y foto	Collectible card (FUT style) with marks, flag and photo	Carta colecionável (estilo FUT) com marcas, bandeira e foto
Carta de Atleta	Athlete Card	Carta de Atleta
Certificado académico	Academic certificate	Certificado acadêmico
Certificado Curso Coaching – Level 1 Sport Assistant	Coaching Course Certificate – Level 1 Sport Assistant	Certificado Curso de Coaching – Level 1 Sport Assistant
Certificado Curso Coaching – Level 2 Coaching Assistant	Coaching Course Certificate – Level 2 Coaching Assistant	Certificado Curso de Coaching – Level 2 Coaching Assistant
Certificado Curso Coaching – Level 3 Coach Online Module	Coaching Course Certificate – Level 3 Coach Online Module	Certificado Curso de Coaching – Level 3 Coach Online Module
Certificado Curso Coaching – Unified Sports Coaching Course	Coaching Course Certificate – Unified Sports Coaching Course	Certificado Curso de Coaching – Unified Sports Coaching Course
Certificado de DI o acreditación	ID certificate or accreditation	Certificado de DI ou credenciamento
Certificado del curso	Course certificate	Certificado do curso
Certificado Entrenamiento de Operación Salvaguarda	Operation Safeguard Training Certificate	Certificado de Treinamento Operação Salvaguarda
Competencia en vivo — Centro Sur	Live competition — Centro Sur	Competição ao vivo — Centro Sul
Competencia en vivo — Regional Norte	Live competition — Northern Regional	Competição ao vivo — Regional Norte
con campo role:"superadmin"	with field role:"superadmin"	com campo role:"superadmin"
Control en Vivo (planilla de competencia)	Live Control (competition sheet)	Controle ao Vivo (planilha de competição)
Control TX y pantallas de transmisión	TX Control and broadcast screens	Controle TX e telas de transmissão
Convocatoria a inscribirse	Call for registration	Convocatória para inscrição
Convocatoria de acreditación	Call for accreditation	Convocatória de credenciamento
Countdown al próximo campeonato	Countdown to the next championship	Contagem regressiva para o próximo campeonato
Cronómetro de tarima	Platform stopwatch	Cronômetro da plataforma
De lo anterior en el punto 7, 8 y 9, quedará a criterio de la Comisión Técnica y del organizador del evento deportivo, considerando la disposición de cupos totales para el evento, volumen de inscritos según prioridad y factibilidad de tiempo/costos.	Regarding points 7, 8 and 9 above, it will be at the discretion of the Technical Commission and the event organiser, considering the total places available for the event, the number of registrants by priority and time/cost feasibility.	Quanto ao anterior nos pontos 7, 8 e 9, ficará a critério da Comissão Técnica e do organizador do evento esportivo, considerando a disponibilidade de vagas totais para o evento, volume de inscritos segundo prioridade e viabilidade de tempo/custos.
Debutantes	Debutants	Estreantes
Detalle completo	Full detail	Detalhe completo
Detalle completo + overall	Full detail + overall	Detalhe completo + overall
Directo	Direct	Direto
Discapacidad intelectual o documento de acreditación	Intellectual disability or accreditation document	Deficiência intelectual ou documento de credenciamento
dos regionales	two regionals	dois regionais
el atleta	the athlete	o atleta
el entrenador	the coach	o treinador
Esta cuenta es para correr la competencia. Abre YourLift, elige el campeonato y vas a tener la mesa completa.	This account is for running the competition. Open YourLift, choose the championship and you will have the full table.	Esta conta é para conduzir a competição. Abra o YourLift, escolha o campeonato e você terá a mesa completa.
Esta cuenta es para transmitir. Abre YourLift, elige el campeonato y vas a tener las pantallas de la transmisión.	This account is for broadcasting. Open YourLift, choose the championship and you will have the broadcast screens.	Esta conta é para transmitir. Abra o YourLift, escolha o campeonato e você terá as telas da transmissão.
Esta es una cuenta de juez: sirve solamente para marcar las luces en yourlift.cl/jueces. No entra al panel de administración ni al control en vivo.	This is a referee account: it only serves to mark the lights at yourlift.cl/jueces. It does not enter the admin panel or live control.	Esta é uma conta de árbitro: serve somente para marcar as luzes em yourlift.cl/jueces. Não entra no painel de administração nem no controle ao vivo.
Estaremos presentes	We will be there	Estaremos presentes
ESTE MES	THIS MONTH	ESTE MÊS
Exoneración · Olimpiadas Especiales	Waiver · Special Olympics	Termo de isenção · Olimpíadas Especiais
Ficha de atleta	Athlete page	Ficha do atleta
Ficha médica · Olimpiadas Especiales	Medical form · Special Olympics	Ficha médica · Olimpíadas Especiais
Firmado · PDF descargable	Signed · downloadable PDF	Assinado · PDF para baixar
Formulario de OE, completado y firmado	SO form, completed and signed	Formulário de OE, preenchido e assinado
Inscripción a un campeonato	Registration for a championship	Inscrição em um campeonato
Instagram pagado	Paid Instagram	Instagram pago
Instagram y redes	Instagram and social media	Instagram e redes
julio 2026	July 2026	julho 2026
junio 2026	June 2026	junho 2026
Lo anterior, más un podio overall por cada división.	The above, plus an overall podium for each division.	O anterior, mais um pódio overall para cada divisão.
Luces de juez desde el teléfono	Referee lights from the phone	Luzes de árbitro pelo telefone
Máximo por torneo: 65 atletas de Powerlifting / Powerlifting+Only Bench por día, en dos grupos AM/PM de 32 a 33, con un máximo de 14 por tanda · 6 a 10 de Only Bench por día, en la tanda de banca de su categoría · 71 en total, que puede variar hasta un 15% según el cronograma que la organización presente a la Comisión Técnica.	Maximum per meet: 65 Powerlifting / Powerlifting+Bench Only athletes per day, in two AM/PM groups of 32 to 33, with a maximum of 14 per session · 6 to 10 Bench Only per day, in the bench session of their category · 71 in total, which may vary by up to 15% depending on the schedule the organisation presents to the Technical Commission.	Máximo por torneio: 65 atletas de Powerlifting / Powerlifting+Only Bench por dia, em dois grupos AM/PM de 32 a 33, com no máximo 14 por sessão · 6 a 10 de Only Bench por dia, na sessão de supino de sua categoria · 71 no total, podendo variar até 15% conforme o cronograma que a organização apresentar à Comissão Técnica.
mayo 2026	May 2026	maio 2026
Mensaje libre con título y texto	Free message with title and text	Mensagem livre com título e texto
MES PASADO	LAST MONTH	MÊS PASSADO
Mesa de control	Control table	Mesa de controle
mesa técnica	technical table	mesa técnica
Nómina / start list publicada	Nomination / start list published	Nominata / start list publicada
Nómina cerrada	Nomination closed	Nominata fechada
Operador de transmisión	Broadcast operator	Operador de transmissão
Otros	Others	Outros
Página de datos	Data page	Página de dados
Pantalla de Tarima	Platform Screen	Tela da Plataforma
Perfiles de atletas	Athlete profiles	Perfis de atletas
Podio de total	Total podium	Pódio de total
Podio de total + overall	Total podium + overall	Pódio de total + overall
Press Banca Classic	Classic Bench Press	Supino Classic
Press Banca Equipado	Equipped Bench Press	Supino Equipado
Primer Lugar	First Place	Primeiro Lugar
Próximo torneo	Next meet	Próximo torneio
Ranking nacional GL	National GL ranking	Ranking nacional GL
Resultados / Podio	Results / Podium	Resultados / Pódio
Sección · Atletas	Section · Athletes	Seção · Atletas
Sección · Calculadora	Section · Calculator	Seção · Calculadora
Sección · Inicio	Section · Home	Seção · Início
Sección · Nómina	Section · Nomination	Seção · Nominata
Sección · Ranking	Section · Ranking	Seção · Ranking
Sección · Récords	Section · Records	Seção · Recordes
Sección · Transmisiones	Section · Broadcasts	Seção · Transmissões
Segundo Lugar	Second Place	Segundo Lugar
sin campeonatos	no championships	sem campeonatos
Sin clasificar	Unclassified	Sem classificação
Solo el podio de total de cada división y categoría.	Only the total podium of each division and category.	Só o pódio de total de cada divisão e categoria.
Tercer Lugar	Third Place	Terceiro Lugar
Tipo carnet, sin accesorios	ID style, no accessories	Tipo documento, sem acessórios
TODO	ALL	TUDO
Todo lo anterior, más los overall que elijas.	All of the above, plus the overalls you choose.	Tudo o anterior, mais os overall que você escolher.
Top 3 con stats	Top 3 with stats	Top 3 com estatísticas
Total, sentadilla, press de banca y peso muerto en cada categoría.	Total, squat, bench press and deadlift in each category.	Total, agachamento, supino e terra em cada categoria.
Tutor firma · PDF descargable	Guardian signs · downloadable PDF	Responsável assina · PDF para baixar
Uso completo de la plataforma	Full use of the platform	Uso completo da plataforma
y las actas — lo mismo que un admin. Lo que no tienes es el resto del panel: nóminas, base de atletas y configuración quedan fuera.	and the results sheets — the same as an admin. What you do not have is the rest of the panel: nominations, athlete database and settings are left out.	e as atas — o mesmo que um admin. O que você não tem é o resto do painel: nominatas, base de atletas e configuração ficam de fora.
Vigente	Current	Vigente
Concentración de Notas	Transcript of grades	Histórico escolar
Powerlifting Universitario	University Powerlifting	Powerlifting Universitário
Consentimiento IPF	IPF Consent	Consentimento IPF
Consentimiento Menor	Minor's Consent	Consentimento de Menor
Foto fondo blanco	White-background photo	Foto com fundo branco
Pasaporte	Passport	Passaporte
Inscripciones abiertas	Registration open	Inscrições abertas
¿Eliminar esta competencia del atleta? (Quita solo lo agregado en vivo, no afecta data.json)	Delete this competition from the athlete? (Removes only what was added live, does not affect data.json)	Excluir esta competição do atleta? (Remove só o adicionado ao vivo, não afeta data.json)
¿Eliminar este logro?	Delete this achievement?	Excluir esta conquista?
¿Rechazar la solicitud de edición de	Reject the edit request from	Rejeitar a solicitação de edição de
. ¿Aplicar los cambios SIN validar el PIN? (úsalo solo si verificaste la identidad por otro medio)	. Apply the changes WITHOUT validating the PIN? (use only if you verified the identity another way)	. Aplicar as alterações SEM validar o PIN? (use só se verificou a identidade por outro meio)
· Club:	· Club:	· Clube:
· Debut:	· Debut:	· Estreia:
(auto)	(auto)	(auto)
(sin puntos ni guión, ej: 123456787)	(no dots or dash, e.g.: 123456787)	(sem pontos nem hífen, ex.: 123456787)
(vacía)	(empty)	(vazia)
) NO coincide con el registrado. ¿Aplicar igual los cambios? (úsalo solo si verificaste la identidad por otro medio)	) does NOT match the registered one. Apply the changes anyway? (use only if you verified the identity another way)	) NÃO coincide com o registrado. Aplicar mesmo assim as alterações? (use só se verificou a identidade por outro meio)
)? Se da de baja en el sitio: deja de aparecer en el buscador, el ranking, las inscripciones y la ficha de atleta. Se puede deshacer.	)? They are deactivated on the site: they stop appearing in search, ranking, registrations and the athlete page. Can be undone.	)? É desativado no site: deixa de aparecer no buscador, no ranking, nas inscrições e na ficha de atleta. Pode ser desfeito.
← Atletas	← Athletes	← Atletas
← este atleta	← this athlete	← este atleta
1ª Campeona Mundial Chile	1st Chilean World Champion	1ª Campeã Mundial Chile
Agregar competencia	Add competition	Adicionar competição
AGREGAR LOGRO / MEDALLA	ADD ACHIEVEMENT / MEDAL	ADICIONAR CONQUISTA / MEDALHA
Badge verificado	Verified badge	Selo verificado
Badge verificado (junto al nombre)	Verified badge (next to the name)	Selo verificado (ao lado do nome)
Cambiar código de: "	Change code of: "	Mudar código de: "
Categoría (ej: 83)	Category (e.g.: 83)	Categoria (ex.: 83)
Código corregido:	Code corrected:	Código corrigido:
COLOR	COLOUR	COR
Competencia eliminada	Competition deleted	Competição excluída
Competencia guardada:	Competition saved:	Competição salva:
COMPETENCIAS (en vivo)	COMPETITIONS (live)	COMPETIÇÕES (ao vivo)
corregida:	corrected:	corrigida:
Corregir	Correct	Corrigir
dado de baja	deactivated	desativado
Descalificado (DQ) — 3 fallos en algún lift. El total oficial queda en 0, pero se guarda lo que sí levantó.	Disqualified (DQ) — 3 failed attempts in one lift. The official total is 0, but what was lifted is kept.	Desclassificado (DQ) — 3 falhas em algum lift. O total oficial fica em 0, mas o que levantou é salvo.
División (ej: Open)	Division (e.g.: Open)	Divisão (ex.: Open)
Elige un atleta cargado o escribe un nombre manual. Marca el check de cada intento válido.	Choose a loaded athlete or type a name manually. Tick each good attempt.	Escolha um atleta carregado ou digite um nome manual. Marque o check de cada tentativa válida.
Eliminar logro	Delete achievement	Excluir conquista
ETIQUETA (aparece debajo de la medalla)	LABEL (appears below the medal)	RÓTULO (aparece abaixo da medalha)
Evolución GL Points	GL Points progression	Evolução GL Points
Falta el atleta	Athlete missing	Falta o atleta
Falta el campeonato	Championship missing	Falta o campeonato
fija la posición a mano (vacío = se calcula sola). Eliminar quita solo lo agregado aquí.	sets the position by hand (empty = calculated automatically). Delete removes only what was added here.	fixa a posição à mão (vazio = calcula-se sozinha). Excluir remove só o adicionado aqui.
Guardar logro	Save achievement	Salvar conquista
Historial de competencias	Competition history	Histórico de competições
Historial del atleta en data.json. Fija la posición o pos. GL y aparecerá al instante en el perfil público.	Athlete history in data.json. Set the position or GL pos. and it will appear instantly on the public profile.	Histórico do atleta em data.json. Fixe a posição ou pos. GL e aparecerá na hora no perfil público.
Ingresa una etiqueta para el logro	Enter a label for the achievement	Insira um rótulo para a conquista
kg | GL	kg | GL	kg | GL
kg levantados)	kg lifted)	kg levantados)
Logro eliminado	Achievement deleted	Conquista excluída
Logro guardado para	Achievement saved for	Conquista salva para
LOGROS Y MEDALLAS	ACHIEVEMENTS AND MEDALS	CONQUISTAS E MEDALHAS
Medalla (colgante a la derecha)	Medal (hanging on the right)	Medalha (pendurada à direita)
meses — posible churn	months — possible churn	meses — possível churn
No encontramos el doc privado para	We did not find the private doc for	Não encontramos o doc privado de
No se pudo dibujar el historial:	Could not draw the history:	Não foi possível desenhar o histórico:
No se pudo generar — falta nombre o debut	Could not generate — name or debut missing	Não foi possível gerar — falta nome ou estreia
No se pudo generar — falta RUT, nombre o debut	Could not generate — RUT, name or debut missing	Não foi possível gerar — falta RUT, nome ou estreia
Peso corporal (kg)	Bodyweight (kg)	Peso corporal (kg)
Pos. Cat.	Cat. Pos.	Pos. Cat.
Posición eliminada	Position deleted	Posição excluída
Posición en categoría	Position in category	Posição na categoria
Posición fijada:	Position set:	Posição fixada:
Posición obtenida — déjalo vacío para que se calcule sola	Position achieved — leave empty to calculate automatically	Posição obtida — deixe vazio para que se calcule sozinha
Posición obtenida (1°, 2°, 3°...) — opcional	Position achieved (1st, 2nd, 3rd...) — optional	Posição obtida (1°, 2°, 3°...) — opcional
Posición obtenida (1°, 2°...). Vacío = calculada automáticamente.	Position achieved (1st, 2nd...). Empty = calculated automatically.	Posição obtida (1°, 2°...). Vazio = calculada automaticamente.
Posición vuelta a automática	Position back to automatic	Posição voltou a automática
POSICIONES HISTÓRICAS	HISTORICAL POSITIONS	POSIÇÕES HISTÓRICAS
Prom	Avg	Méd
Prueba recargar la página. El resto de la ficha está arriba.	Try reloading the page. The rest of the page is above.	Tente recarregar a página. O resto da ficha está acima.
Restaurado	Restored	Restaurado
RUT de	RUT of	RUT de
Se guardan en vivo y aparecen al instante en el perfil público (yourlift.cl/atleta). El total, GL e IPF/DOTS se calculan solos desde los intentos válidos y el peso corporal. La columna	They are saved live and appear instantly on the public profile (yourlift.cl/atleta). Total, GL and IPF/DOTS are calculated automatically from good attempts and bodyweight. The column	São salvos ao vivo e aparecem na hora no perfil público (yourlift.cl/atleta). O total, GL e IPF/DOTS são calculados sozinhos a partir das tentativas válidas e do peso corporal. A coluna
Sin competencias agregadas en vivo. Usa “+ Agregar competencia”.	No competitions added live. Use “+ Add competition”.	Sem competições adicionadas ao vivo. Use “+ Adicionar competição”.
Sin competir	Has not competed	Sem competir
Sin logros registrados	No achievements recorded	Sem conquistas registradas
Solicitud aplicada	Request applied	Solicitação aplicada
Solicitud rechazada	Request rejected	Solicitação rejeitada
Solo owner/superadmin puede agregar o eliminar logros.	Only owner/superadmin can add or delete achievements.	Só owner/superadmin pode adicionar ou excluir conquistas.
Solo superadmin puede agregar logros	Only superadmin can add achievements	Só superadmin pode adicionar conquistas
Solo superadmin puede eliminar logros	Only superadmin can delete achievements	Só superadmin pode excluir conquistas
TIPO DE VISUALIZACIÓN	DISPLAY TYPE	TIPO DE VISUALIZAÇÃO
Total oficial	Official total	Total oficial
URL DEL LOGO (Firebase Storage, CDN, etc.)	LOGO URL (Firebase Storage, CDN, etc.)	URL DO LOGO (Firebase Storage, CDN etc.)
válido	good	válido
Editar	Edit	Editar
Guardar	Save	Salvar
¿Eliminar a	Delete	Excluir
EVENTO	EVENT	EVENTO
Atleta no encontrado	Athlete not found	Atleta não encontrado
· y su ficha también	· and their profile too	· e sua ficha também
actualizado:	updated:	atualizado:
Cambio revertido	Change reverted	Alteração revertida
+ Agregar competencia	+ Add competition	+ Adicionar competição
BANCA	BENCH	SUPINO
Debes estar autenticado como admin.	You must be authenticated as admin.	Você deve estar autenticado como admin.
, el formulario le suma estos a lo que ya pida este campeonato.	, the form adds these to what this championship already requires.	, o formulário soma estes ao que este campeonato já pede.
, la temporada de este campeonato.	, this championship's season.	, a temporada deste campeonato.
: así los antecedentes de una organización se le piden solo a los suyos y no a todo el campeonato. Si dejas todo desmarcado, se usa la	: so an organisation's documents are requested only from its own athletes and not from the whole championship. If you leave everything unticked, the	: assim os antecedentes de uma organização são pedidos só aos seus e não a todo o campeonato. Se deixar tudo desmarcado, usa-se a
¿Archivar este campeonato? Seguirá visible en el historial pero no en inscripciones.	Archive this championship? It will remain visible in the history but not in registrations.	Arquivar este campeonato? Continuará visível no histórico mas não nas inscrições.
¿Cerrar la nómina de "	Close the nomination of "	Fechar a nominata de "
¿Eliminar el campeonato "	Delete the championship "	Excluir o campeonato "
¿Purgar	Purge	Purgar
¿Purgar documentos de	Purge documents of	Purgar documentos de
¿Quitar "	Remove "	Tirar "
. Al cerrar la nómina quedarán como rechazadas. ¿Cerrar igualmente?	. When the nomination is closed they will be marked as rejected. Close anyway?	. Ao fechar a nominata ficarão como rejeitadas. Fechar mesmo assim?
. La cédula de identidad de su lista es el carnet que ya se pide.	. The ID card on its list is the ID card already requested.	. A cédula de identidade da sua lista é o documento que já se pede.
· propio de este campeonato	· specific to this championship	· próprio deste campeonato
(1° a 5°) obtenido en el Nacional 2026. Útil para el proceso del Sudamericano.	(1st to 5th) achieved at the 2026 Nationals. Useful for the South American process.	(1° a 5°) obtido no Nacional 2026. Útil para o processo do Sul-Americano.
(carnet + WADA por default, IPF World detección por nombre, consentimiento menor si fechaNac < 18, foto si "requiere foto" está activo arriba).	(ID card + WADA by default, IPF World detected by name, minor's consent if birth date < 18, photo if "requires photo" is on above).	(identidade + WADA por padrão, IPF World detecção por nome, consentimento de menor se data de nasc. < 18, foto se "requer foto" estiver ativo acima).
(Classic/Equipado/OE/Universitario) y	(Classic/Equipped/SO/University) and	(Classic/Equipado/OE/Universitário) e
(documento sin nombre)	(unnamed document)	(documento sem nome)
(ej. campeonatos ya terminados que no quieres mostrar).	(e.g. finished championships you do not want to show).	(ex.: campeonatos já terminados que você não quer mostrar).
(opcional · FESUPO, FECHIPO… sale en el scoreboard, la tabla y el perfil)	(optional · FESUPO, FECHIPO… shown on the scoreboard, the table and the profile)	(opcional · FESUPO, FECHIPO… aparece no scoreboard, na tabela e no perfil)
(opcional · se sube una imagen)	(optional · upload an image)	(opcional · envia-se uma imagem)
(puedes agregar más de uno · cada uno con su Instagram opcional)	(you can add more than one · each with an optional Instagram)	(você pode adicionar mais de um · cada um com seu Instagram opcional)
(se muestran en la tarjeta de Transmisiones del sitio)	(shown on the Broadcasts card of the site)	(aparecem no cartão de Transmissões do site)
@instagram (opcional)	@instagram (optional)	@instagram (opcional)
@productora	@producer	@produtora
+ Agregar día	+ Add day	+ Adicionar dia
+ Agregar organizador	+ Add organiser	+ Adicionar organizador
+ Inscripción de entrenadores	+ Coach registration	+ Inscrição de treinadores
+ Nuevo campeonato	+ New championship	+ Novo campeonato
Al atleta:	To the athlete:	Ao atleta:
Al entrenador	To the coach	Ao treinador
Archivar	Archive	Arquivar
archivos eliminados	files deleted	arquivos excluídos
atletas inscriptos en "	athletes registered in "	atletas inscritos em "
Cada día queda como una tarjeta en yourlift.cl → Transmisiones pasadas. Al cambiar el link de arriba, el anterior baja solo a esta lista con su fecha: revísala antes de guardar. Los días cuyo link ya se reemplazó se agregan a mano con + Agregar día.	Each day becomes a card at yourlift.cl → Past broadcasts. When you change the link above, the previous one moves down to this list automatically with its date: check it before saving. Days whose link was already replaced are added by hand with + Add day.	Cada dia vira um cartão em yourlift.cl → Transmissões anteriores. Ao mudar o link acima, o anterior desce sozinho para esta lista com sua data: revise antes de salvar. Os dias cujo link já foi substituído são adicionados à mão com + Adicionar dia.
Cambios guardados	Changes saved	Alterações salvas
Cambios se propagan en tiempo real a todos los archivos	Changes propagate in real time to all files	As alterações se propagam em tempo real a todos os arquivos
Campeonato "	Championship "	Campeonato "
Campeonato archivado	Championship archived	Campeonato arquivado
Campeonato creado — ya visible en inscripciones y nómina	Championship created — now visible in registrations and nomination	Campeonato criado — já visível em inscrições e nominata
Campeonato oculto de YourLift	Championship hidden from YourLift	Campeonato oculto do YourLift
Campeonato visible en YourLift	Championship visible in YourLift	Campeonato visível no YourLift
Cerrar nómina	Close nomination	Fechar nominata
Cerrar nómina ahora	Close nomination now	Fechar nominata agora
Cierre NÓMINA (cambios)	NOMINATION deadline (changes)	Fechamento NOMINATA (alterações)
Cierre PRE-NÓMINA (inscripciones)	PRE-NOMINATION deadline (registrations)	Fechamento PRÉ-NOMINATA (inscrições)
Columna extra en nómina	Extra column in nomination	Coluna extra na nominata
con registros — se muestran todos. Fíjate en el año antes de marcar.	with records — all are shown. Check the year before ticking.	com registros — mostram-se todos. Repare no ano antes de marcar.
Copia este link:	Copy this link:	Copie este link:
Copiado — pégalo en WhatsApp	Copied — paste it into WhatsApp	Copiado — cole no WhatsApp
Crear campeonato	Create championship	Criar campeonato
Cuando hay URL, se muestra un reproductor embebido en el livecast público y en la página principal — las visitas desde YourLift se suman al contador de YouTube.	When there is a URL, an embedded player is shown in the public livecast and on the home page — views from YourLift add to the YouTube counter.	Quando há URL, mostra-se um player incorporado no livecast público e na página principal — as visitas pelo YourLift somam ao contador do YouTube.
Desactiva para ocultarlo (ej. mientras armás los vuelos del Debutantes).	Turn off to hide it (e.g. while you set up the Debutants flights).	Desative para ocultá-lo (ex.: enquanto monta os voos do Estreantes).
Desactiva para ocultarlo de YourLift	Turn off to hide it from YourLift	Desative para ocultá-lo do YourLift
Desactiva para Universitario u otros torneos sin récords oficiales.	Turn off for University or other meets without official records.	Desative para Universitário ou outros torneios sem recordes oficiais.
Después de esta fecha NO se aceptan nuevas inscripciones	After this date NO new registrations are accepted	Depois desta data NÃO se aceitam novas inscrições
Después: no se permiten cambios de cat ni bajas	After: no category changes or withdrawals allowed	Depois: não se permitem mudanças de cat nem desistências
Detectar récords nacionales	Detect national records	Detectar recordes nacionais
Días (texto visible)	Days (visible text)	Dias (texto visível)
Divisiones	Divisions	Divisões
Documentos propios de este campeonato	This championship's own documents	Documentos próprios deste campeonato
Documentos purgados:	Documents purged:	Documentos purgados:
Documentos requeridos en inscripción	Documents required at registration	Documentos exigidos na inscrição
Editar Campeonato	Edit Championship	Editar Campeonato
ej: 09 y 10 de Mayo	e.g.: May 9 and 10	ex.: 9 e 10 de maio
ej: Campeonato Regional Centro 2027	e.g.: Central Regional Championship 2027	ex.: Campeonato Regional Centro 2027
ej: Santiago, RM	e.g.: Santiago, RM	ex.: Santiago, RM
El ID no se puede cambiar	The ID cannot be changed	O ID não pode ser alterado
El link anterior pasó a "Transmisiones de cada día" — revisa su fecha	The previous link moved to "Broadcasts of each day" — check its date	O link anterior passou para "Transmissões de cada dia" — revise sua data
Elimina carnet, WADA, consentimientos de Storage. Deja fotos de perfil intactas.	Deletes ID card, WADA, consents from Storage. Leaves profile photos intact.	Exclui identidade, WADA, consentimentos do Storage. Deixa as fotos de perfil intactas.
Eliminando...	Deleting...	Excluindo...
Eliminar campeonato	Delete championship	Excluir campeonato
En este campeonato hay:	In this championship there are:	Neste campeonato há:
Entrenadores:	Coaches:	Treinadores:
Estado actual:	Current status:	Estado atual:
EXTRAS DE TRANSMISIÓN	BROADCAST EXTRAS	EXTRAS DE TRANSMISSÃO
Fecha de competencia	Competition date	Data da competição
Fecha del link de arriba	Date of the link above	Data do link acima
Fecha y hora límite para cambios de categoría o bajas	Deadline date and time for category changes or withdrawals	Data e hora limite para mudanças de categoria ou desistências
Fecha y hora límite para inscribirse al evento	Deadline date and time to register for the event	Data e hora limite para se inscrever no evento
Formulario para descargar (PDF)	Form to download (PDF)	Formulário para baixar (PDF)
Formulario público	Public form	Formulário público
Gestiona los campeonatos — los cambios se propagan en tiempo real a inscripciones, nómina y cronograma	Manage championships — changes propagate in real time to registrations, nomination and schedule	Gerencie os campeonatos — as alterações se propagam em tempo real para inscrições, nominata e cronograma
ID (slug único, sin espacios)	ID (unique slug, no spaces)	ID (slug único, sem espaços)
ID y nombre son obligatorios	ID and name are required	ID e nome são obrigatórios
inscripciones de campeonato(s) archivado(s)?	registrations from archived championship(s)?	inscrições de campeonato(s) arquivado(s)?
inscripciones purgadas	registrations purged	inscrições purgadas
inscripciones…	registrations…	inscrições…
Instagram de la transmisión	Broadcast Instagram	Instagram da transmissão
Libera espacio en Firestore eliminando inscripciones de campeonatos ya archivados. Los resultados permanecen en el perfil de cada atleta.	Frees up space in Firestore by deleting registrations of already archived championships. Results remain on each athlete's profile.	Libera espaço no Firestore excluindo inscrições de campeonatos já arquivados. Os resultados permanecem no perfil de cada atleta.
limitar a ciertas modalidades	limit to certain events	limitar a certas modalidades
limitarlo a ciertas modalidades o divisiones	limit it to certain events or divisions	limitá-lo a certas modalidades ou divisões
Link a otra página (opcional)	Link to another page (optional)	Link para outra página (opcional)
Link cambiado	Link changed	Link alterado
Link público en vivo	Public live link	Link público ao vivo
lógica vieja	old logic	lógica antiga
Logo de la federación	Federation logo	Logo da federação
Logo en la transmisión (productora)	Logo in the broadcast (producer)	Logo na transmissão (produtora)
Logo subido	Logo uploaded	Logo enviado
Los resultados ya están en el perfil de cada atleta (competition_results). Esta acción no se puede deshacer.	Results are already on each athlete's profile (competition_results). This action cannot be undone.	Os resultados já estão no perfil de cada atleta (competition_results). Esta ação não pode ser desfeita.
Marca los campeonatos que dejan a un atleta fuera de este. Al escribir su RUT en el formulario, el atleta ve el aviso en el momento — y la inscripción queda marcada para la comisión. Si no marcas ninguno, no se avisa nada.	Tick the championships that leave an athlete out of this one. When they type their RUT in the form, the athlete sees the notice right away — and the registration is flagged for the commission. If you tick none, no notice is shown.	Marque os campeonatos que deixam um atleta fora deste. Ao digitar seu RUT no formulário, o atleta vê o aviso no momento — e a inscrição fica marcada para a comissão. Se não marcar nenhum, nada é avisado.
Marca qué documentos pedir al atleta cuando se inscriba. Cada uno se le pide a todos, pero puedes	Tick which documents to request from the athlete when they register. Each one is requested from everyone, but you can	Marque quais documentos pedir ao atleta quando se inscrever. Cada um é pedido a todos, mas você pode
Modalidades	Events	Modalidades
Modalidades y divisiones propias	Custom events and divisions	Modalidades e divisões próprias
Mostrando los campeonatos de	Showing the championships of	Mostrando os campeonatos de
Mostrar en cronograma público	Show in the public schedule	Mostrar no cronograma público
Ninguno todavía.	None yet.	Nenhum ainda.
No has marcado nada: se lo piden a todos.	You have not ticked anything: it is requested from everyone.	Você não marcou nada: pede-se a todos.
No hay campeonatos. Crea el primero.	No championships. Create the first one.	Não há campeonatos. Crie o primeiro.
No hay documentos que purgar para este evento	No documents to purge for this event	Não há documentos para purgar neste evento
No hay inscripciones de campeonatos archivados	No registrations from archived championships	Não há inscrições de campeonatos arquivados
No hay inscripciones para este evento	No registrations for this event	Não há inscrições para este evento
No hay que marcarlos ni agregarlos: en cuanto alguien elige la modalidad	You do not need to tick or add them: as soon as someone chooses the event	Não é preciso marcá-los nem adicioná-los: assim que alguém escolhe a modalidade
Nombre del campeonato	Championship name	Nome do campeonato
Nombre del organizador	Organiser name	Nome do organizador
Nómina cerrada —	Nomination closed —	Nominata fechada —
Nómina vencida — cierra automáticamente	Nomination expired — closes automatically	Nominata vencida — fecha automaticamente
Nuevo Campeonato	New Championship	Novo Campeonato
Olimpiadas Especiales · se piden solos	Special Olympics · requested automatically	Olimpíadas Especiais · pedem-se sozinhos
Organizadores	Organisers	Organizadores
Para lo que pide cada organización y no está en la lista de arriba. Le pones nombre, el PDF que el atleta tiene que descargar y, si el documento se saca en otra página, el link. Al guardar aparecen arriba para marcarlos, y salen en el formulario de inscripción con su espacio para subir.	For what each organisation requires that is not in the list above. You give it a name, the PDF the athlete must download and, if the document is obtained on another page, the link. When saved they appear above to tick, and show in the registration form with their upload slot.	Para o que cada organização pede e não está na lista acima. Você dá um nome, o PDF que o atleta deve baixar e, se o documento é obtido em outra página, o link. Ao salvar aparecem acima para marcá-los, e saem no formulário de inscrição com seu espaço para envio.
para usarla en perfiles y transmisión.	to use it in profiles and broadcast.	para usá-la em perfis e transmissão.
Pedir posición en el Nacional 2026 (clasificación Sudamericano)	Ask for position at the 2026 Nationals (South American qualification)	Pedir posição no Nacional 2026 (classificação Sul-Americano)
Pedirlo solo si lleva atletas de estas modalidades — vacío = a todos	Request it only if it has athletes in these events — empty = everyone	Pedir só se houver atletas destas modalidades — vazio = a todos
pedírselo a todos	request it from everyone	pedir a todos
Purgando	Purging	Purgando
Purgando…	Purging…	Purgando…
Purgar documentos	Purge documents	Purgar documentos
que declare a uno de ellos:	who declare one of them:	que declarar um deles:
QUIÉNES NO PUEDEN INSCRIBIRSE A ESTE CAMPEONATO	WHO CANNOT REGISTER FOR THIS CHAMPIONSHIP	QUEM NÃO PODE SE INSCREVER NESTE CAMPEONATO
Quitar organizador	Remove organiser	Tirar organizador
reemplazan a la lista completa en vez de sumarse — es lo que conviene en un campeonato que corre con sus propias líneas.	replace the full list instead of adding to it — which is what you want in a championship that runs with its own lines.	substituem a lista completa em vez de somar — é o que convém em um campeonato que corre com suas próprias linhas.
Requerir foto tipo carnet en inscripción	Require ID-style photo at registration	Exigir foto tipo documento na inscrição
Se lo piden a todos ·	Requested from everyone ·	Pede-se a todos ·
Se publicará inmediatamente en inscripciones y nómina	It will be published immediately in registrations and nomination	Será publicado imediatamente em inscrições e nominata
Si está activo, al inscribirse el atleta indica su	If on, when registering the athlete states their	Se ativo, ao se inscrever o atleta indica sua
Si está activo, el atleta debe subir una foto de rostro al inscribirse. Esa foto luego se procesa con fondo blanco IPF en	If on, the athlete must upload a face photo when registering. That photo is then processed with an IPF white background in	Se ativo, o atleta deve enviar uma foto do rosto ao se inscrever. Essa foto depois é processada com fundo branco IPF em
Si está activo, el campeonato aparece en el selector de eventos de	If on, the championship appears in the event selector of	Se ativo, o campeonato aparece no seletor de eventos de
Si está activo, el evento aparece en	If on, the event appears in	Se ativo, o evento aparece em
Si está activo, en cada good lift se compara contra	If on, each good lift is compared against	Se ativo, em cada good lift compara-se contra
SIN AÑO	NO YEAR	SEM ANO
Sin año en el nombre: se puede confundir con el mismo campeonato de otra temporada	No year in the name: it may be confused with the same championship from another season	Sem ano no nome: pode ser confundido com o mesmo campeonato de outra temporada
Sin marcar nada en una fila, esa fila no filtra.	With nothing ticked in a row, that row does not filter.	Sem marcar nada em uma linha, essa linha não filtra.
SOLO A ESTAS MODALIDADES	ONLY THESE EVENTS	SÓ ESTAS MODALIDADES
solo estas	only these	só estas
Subir PDF	Upload PDF	Enviar PDF
Todavía no hay campeonatos con registros para ofrecer.	There are no championships with records to offer yet.	Ainda não há campeonatos com registros para oferecer.
Todavía no hay campeonatos de	There are no championships yet from	Ainda não há campeonatos de
TRANSMISIONES DE CADA DÍA	BROADCASTS OF EACH DAY	TRANSMISSÕES DE CADA DIA
Última confirmación: ¿eliminar "	Final confirmation: delete "	Última confirmação: excluir "
Una por línea. Si dejas esto vacío se usan las de siempre. Marcando	One per line. If you leave this empty the usual ones are used. Ticking	Uma por linha. Se deixar vazio, usam-se as de sempre. Marcando
URL YouTube en vivo	Live YouTube URL	URL YouTube ao vivo
Usar solo estas divisiones (ocultar las de siempre)	Use only these divisions (hide the usual ones)	Usar só estas divisões (ocultar as de sempre)
Usar solo estas modalidades (ocultar las de siempre)	Use only these events (hide the usual ones)	Usar só estas modalidades (ocultar as de sempre)
ver el PDF cargado	see the uploaded PDF	ver o PDF enviado
Visible en el selector de eventos de YourLift	Visible in YourLift's event selector	Visível no seletor de eventos do YourLift
Visible en YourLift	Visible in YourLift	Visível no YourLift
y se muestra alerta + badge giratorio en OBS.	and an alert + rotating badge is shown in OBS.	e mostra-se alerta + selo giratório no OBS.
Y SOLO A ESTAS DIVISIONES	AND ONLY THESE DIVISIONS	E SÓ ESTAS DIVISÕES
Ya existe un campeonato con ese ID	A championship with that ID already exists	Já existe um campeonato com esse ID
YourLift (operador)	YourLift (operator)	YourLift (operador)
+ Agregar documento	+ Add document	+ Adicionar documento
Aprobados	Approved	Aprovados
Pendientes	Pending	Pendentes
sin año	no year	sem ano
Fotos Atletas	Athlete Photos	Fotos Atletas
Campeonatos	Championships	Campeonatos
Guardar cambios	Save changes	Salvar alterações
Ubicación	Location	Local
— Elegir juez (opcional) —	— Choose referee (optional) —	— Escolher árbitro (opcional) —
, Te adjuntamos tu certificado de acreditación en el uso de la plataforma YourLift como	, Attached is your accreditation certificate for using the YourLift platform as	, Anexamos seu certificado de credenciamento no uso da plataforma YourLift como
? Deja de figurar en la lista de acreditados.	? They will no longer appear in the accredited list.	? Deixa de constar na lista de credenciados.
¿Anular el certificado	Void the certificate	Anular o certificado
(código	(code	(código
). Saludos,	). Regards,	). Saudações,
+ Agregar auspiciador	+ Add sponsor	+ Adicionar patrocinador
Acredita a quien ya sabe usar la plataforma —jueces, mesa de control, transmisión— para saber a quién llamar en cada campeonato. El PDF se descarga al emitirlo y se puede volver a bajar o enviar desde la lista.	Accredit people who already know how to use the platform —referees, control table, broadcast— so you know whom to call for each championship. The PDF downloads when issued and can be downloaded again or sent from the list.	Credencie quem já sabe usar a plataforma —árbitros, mesa de controle, transmissão— para saber a quem chamar em cada campeonato. O PDF é baixado ao emiti-lo e pode ser baixado de novo ou enviado pela lista.
Acreditación para operar:	Accreditation to operate:	Credenciamento para operar:
ACREDITADO COMO	ACCREDITED AS	CREDENCIADO COMO
Activo	Active	Ativo
Anular	Void	Anular
aprobó la acreditación en el uso de la plataforma YourLift como	passed the accreditation in the use of the YourLift platform as	aprovou o credenciamento no uso da plataforma YourLift como
Base completa de atletas · calculado en vivo desde data.json	Full athlete database · calculated live from data.json	Base completa de atletas · calculado ao vivo a partir de data.json
Capacitación de Jueces	Referee Training	Capacitação de Árbitros
Cargando analytics…	Loading analytics…	Carregando analytics…
Certificado	Certificate	Certificado
CERTIFICADO DE ACREDITACIÓN	ACCREDITATION CERTIFICATE	CERTIFICADO DE CREDENCIAMENTO
Certificado de acreditación YourLift —	YourLift accreditation certificate —	Certificado de credenciamento YourLift —
Certificado YourLift	YourLift Certificate	Certificado YourLift
Código de certificado:	Certificate code:	Código do certificado:
CORREO (para enviarlo)	EMAIL (to send it)	E-MAIL (para enviá-lo)
CORTE NACIONAL	NATIONAL CUT	CORTE NACIONAL
Cuántas afiliaciones aportó cada campeonato del año · cada persona cuenta una sola vez, en el primero que corre	How many affiliations each championship of the year contributed · each person counts only once, in the first one they compete in	Quantas filiações cada campeonato do ano trouxe · cada pessoa conta uma única vez, no primeiro em que compete
Dashboard interactivo · Filtros globales · Export para Power BI	Interactive dashboard · Global filters · Export for Power BI	Dashboard interativo · Filtros globais · Exportação para Power BI
DEMOGRAFÍA	DEMOGRAPHICS	DEMOGRAFIA
DEPORTE	SPORT	ESPORTE
emitido y descargado	issued and downloaded	emitido e baixado
Emitir y descargar PDF	Issue and download PDF	Emitir e baixar PDF
Enviar	Send	Enviar
Escribe el nombre completo	Type the full name	Digite o nome completo
FECHA DE EMISIÓN	ISSUE DATE	DATA DE EMISSÃO
FIRMA (nombre)	SIGNATURE (name)	ASSINATURA (nome)
Hola	Hello	Olá
INSTANCIA / CURSO	INSTANCE / COURSE	INSTÂNCIA / CURSO
Instancia de acreditación:	Accreditation instance:	Instância de credenciamento:
Las estadísticas son solo para el owner.	Statistics are for the owner only.	As estatísticas são só para o owner.
Logos que avanzan en el carrusel del Inicio de yourlift.cl. Sube el logo, pon el link y actívalo.	Logos that scroll in the carousel on the yourlift.cl Home. Upload the logo, add the link and turn it on.	Logos que avançam no carrossel do Início de yourlift.cl. Envie o logo, coloque o link e ative.
Marca al menos una cosa que sabe usar	Tick at least one thing they know how to use	Marque pelo menos uma coisa que sabe usar
No se pudo anular:	Could not void:	Não foi possível anular:
No se pudo cargar el generador de PDF	Could not load the PDF generator	Não foi possível carregar o gerador de PDF
No se pudo emitir:	Could not issue:	Não foi possível emitir:
No se pudo leer la lista de certificados:	Could not read the certificates list:	Não foi possível ler a lista de certificados:
NOMBRE COMPLETO *	FULL NAME *	NOME COMPLETO *
NUEVO CERTIFICADO	NEW CERTIFICATE	NOVO CERTIFICADO
PDF descargado: adjúntalo al correo que se abrió	PDF downloaded: attach it to the email that opened	PDF baixado: anexe-o ao e-mail que se abriu
PERSONA	PERSON	PESSOA
SABE USAR	KNOWS HOW TO USE	SABE USAR
Simulador de mínimos para clasificar · se prueba un corte y se ve a cuántos deja dentro, antes de fijarlo	Qualifying minimums simulator · try a cut and see how many it leaves in, before setting it	Simulador de mínimos para classificar · testa-se um corte e vê-se quantos deixa dentro, antes de fixá-lo
Sin auspiciadores aún. Usa “+ Agregar”.	No sponsors yet. Use “+ Add”.	Ainda sem patrocinadores. Use “+ Adicionar”.
Solo el Owner puede emitir certificados	Only the Owner can issue certificates	Só o Owner pode emitir certificados
Todavía no hay certificados emitidos.	No certificates issued yet.	Ainda não há certificados emitidos.
TOMAR DATOS DE LA BASE DE JUECES	TAKE DATA FROM THE REFEREES DATABASE	PEGAR DADOS DA BASE DE ÁRBITROS
TRÁFICO WEB	WEB TRAFFIC	TRÁFEGO WEB
Tras guardar, el carrusel aparece en el Inicio. Logos PNG con fondo transparente se ven mejor.	After saving, the carousel appears on the Home. PNG logos with a transparent background look best.	Depois de salvar, o carrossel aparece no Início. Logos PNG com fundo transparente ficam melhores.
USO DE LA PLATAFORMA YOURLIFT	USE OF THE YOURLIFT PLATFORM	USO DA PLATAFORMA YOURLIFT
YourLift certifica que	YourLift certifies that	YourLift certifica que
AFILIACIONES	AFFILIATIONS	FILIAÇÕES
Estadísticas	Statistics	Estatísticas
Auspiciadores	Sponsors	Patrocinadores
Certificados YourLift	YourLift Certificates	Certificados YourLift
CÓDIGO	CODE	CÓDIGO
FECHA	DATE	DATA
sin logo	no logo	sem logo
— revisar:	— check:	— revisar:
“+ Atleta”	“+ Athlete”	“+ Atleta”
“Cargar desde nómina”	“Load from nomination”	“Carregar da nominata”
“Importar debutantes”	“Import debutants”	“Importar estreantes”
(inscripciones aprobadas),	(approved registrations),	(inscrições aprovadas),
(solo debutantes) o	(debutants only) or	(só estreantes) ou
(Tarima	(Platform	(Plataforma
) porque una categoría no se puede partir	) because a category cannot be split	) porque uma categoria não pode ser dividida
) y no se pudieron juntar sin pasarse del tope	) and they could not be merged without exceeding the cap	) e não puderam ser juntadas sem passar do limite
): las categorías más livianas del otro sexo, para que ninguna quedara bajo	): the lightest categories of the other sex, so none would be under	): as categorias mais leves do outro sexo, para que nenhuma ficasse abaixo de
+ Atleta	+ Athlete	+ Atleta
+ Nuevos de nómina	+ New from nomination	+ Novos da nominata
Agregados	Added	Adicionados
Archivo vacío	Empty file	Arquivo vazio
atleta(s) nuevo(s) al cronograma	new athlete(s) to the schedule	atleta(s) novo(s) no cronograma
atleta(s) nuevo(s) al cronograma?	new athlete(s) to the schedule?	atleta(s) novo(s) no cronograma?
atletas · cambiar Tarima/Flight mueve al atleta · todo se guarda al instante	athletes · changing Platform/Flight moves the athlete · everything saves instantly	atletas · mudar Plataforma/Flight move o atleta · tudo é salvo na hora
atletas · no afecta inscripciones)	athletes · does not affect registrations)	atletas · não afeta inscrições)
atletas del cronograma. Esta acción NO se puede deshacer.	athletes from the schedule. This action CANNOT be undone.	atletas do cronograma. Esta ação NÃO pode ser desfeita.
atletas del Flight	athletes in Flight	atletas do Flight
atletas desde "	athletes from "	atletas de "
atletas desde Excel	athletes from Excel	atletas do Excel
atletas desde la nómina	athletes from the nomination	atletas da nominata
atletas desde la nómina (inscripciones aprobadas)? Reemplaza el cronograma actual de este evento. Luego ajustas tarima/flight/jornada y handlers.	athletes from the nomination (approved registrations)? Replaces this event's current schedule. Then you adjust platform/flight/day and handlers.	atletas da nominata (inscrições aprovadas)? Substitui o cronograma atual deste evento. Depois você ajusta plataforma/flight/jornada e handlers.
atletas? Reglas del reglamento: · Hombres y mujeres en tandas separadas — salvo la de apertura, y solo si no hay otra forma de que ninguna quede bajo 8 · Una categoría de peso + división de edad NO se parte: va entera en una tanda · 8 mínimo, 14 máximo de powerlifting por tanda · Only Bench no cuenta para el 14 y puede llevar la tanda hasta 17 Una sola tarima, tandas A, B, C… la primera mitad en AM y la segunda en PM.	athletes? Rulebook rules: · Men and women in separate sessions — except the opening one, and only if there is no other way to keep every session at 8 or more · A weight class + age division is NOT split: it goes whole in one session · 8 minimum, 14 maximum powerlifting per session · Bench Only does not count towards the 14 and can take the session up to 17 Single platform, sessions A, B, C… the first half in AM and the second in PM.	atletas? Regras do regulamento: · Homens e mulheres em sessões separadas — exceto a de abertura, e só se não houver outra forma de nenhuma ficar abaixo de 8 · Uma categoria de peso + divisão de idade NÃO se divide: vai inteira em uma sessão · 8 mínimo, 14 máximo de powerlifting por sessão · Only Bench não conta para os 14 e pode levar a sessão até 17 Uma só plataforma, sessões A, B, C… a primeira metade em AM e a segunda em PM.
Auto-distribuir	Auto-distribute	Autodistribuir
Auto-distribuir flights	Auto-distribute flights	Autodistribuir flights
Cargados	Loaded	Carregados
Cargar	Load	Carregar
Cargar desde nómina	Load from nomination	Carregar da nominata
Confirma de nuevo: se borrarán los	Confirm again: this will delete the	Confirme de novo: serão excluídos os
Correo handler 1	Handler 1 email	E-mail handler 1
Correo handler 2	Handler 2 email	E-mail handler 2
Cronograma vaciado	Schedule emptied	Cronograma esvaziado
Día en que compite el Flight	Day the Flight competes	Dia em que o Flight compete
DÍA…	DAY…	DIA…
Elige un campeonato para ver y editar su cronograma.	Choose a championship to view and edit its schedule.	Escolha um campeonato para ver e editar seu cronograma.
Elige un campeonato primero	Choose a championship first	Escolha um campeonato primeiro
Eliminar a este atleta del cronograma?	Remove this athlete from the schedule?	Remover este atleta do cronograma?
Entran en flight "A" sin jornada — los mueves a mano después. No toca a los que ya están ubicados.	They go into flight "A" with no day — you move them by hand later. Does not touch those already placed.	Entram no flight "A" sem jornada — você os move à mão depois. Não altera os que já estão posicionados.
Entrenador puesto en	Coach set in	Treinador colocado em
Entrenador/handlers OCULTOS en el público	Coach/handlers HIDDEN from the public	Treinador/handlers OCULTOS ao público
Entrenador/handlers visibles en el público	Coach/handlers visible to the public	Treinador/handlers visíveis ao público
Error leyendo el Excel:	Error reading the Excel:	Erro ao ler o Excel:
Escríbelo como quieras: "Día 1", "Sábado 8", "8 de agosto"… Vacío = sin día.	Write it however you want: "Day 1", "Saturday 8", "August 8"… Empty = no day.	Escreva como quiser: "Dia 1", "Sábado 8", "8 de agosto"… Vazio = sem dia.
Este campeonato no tiene cronograma. Usa	This championship has no schedule. Use	Este campeonato não tem cronograma. Use
Excel no cargó (revisa internet)	Excel did not load (check internet)	O Excel não carregou (verifique a internet)
Handler 1 (nombre / correo)	Handler 1 (name / email)	Handler 1 (nome / e-mail)
Handler 2 (nombre / correo)	Handler 2 (name / email)	Handler 2 (nome / e-mail)
Hoja	Sheet	Planilha
Importar Excel	Import Excel	Importar Excel
Jornada	Day	Jornada
Llena la columna Entrenador con lo que los propios entrenadores declararon al inscribirse. No pisa lo que ya está escrito.	Fills the Coach column with what the coaches themselves declared when registering. Does not overwrite what is already written.	Preenche a coluna Treinador com o que os próprios treinadores declararam ao se inscrever. Não sobrescreve o que já está escrito.
marcar todo el flight:	tick the whole flight:	marcar todo o flight:
No encontré la columna "Nombre" en el Excel	Could not find the "Nombre" column in the Excel	Não encontrei a coluna "Nombre" no Excel
No había ninguno que completar	There were none to fill in	Não havia nenhum para completar
No hay atletas nuevos — el cronograma ya tiene a todos los aprobados	No new athletes — the schedule already has all the approved ones	Não há atletas novos — o cronograma já tem todos os aprovados
No hay inscripciones aprobadas en este campeonato	No approved registrations in this championship	Não há inscrições aprovadas neste campeonato
No hay inscripciones de entrenador aprobadas en este campeonato	No approved coach registrations in this championship	Não há inscrições de treinador aprovadas neste campeonato
No se encontraron filas de atletas en el Excel	No athlete rows found in the Excel	Não foram encontradas linhas de atletas no Excel
Ocultar entrenador/handlers en el público	Hide coach/handlers from the public	Ocultar treinador/handlers ao público
pasan de	go from	passam de
Poner el día a todo este flight	Set the day for this whole flight	Colocar o dia em todo este flight
quedan bajo	are under	ficam abaixo de
Reemplaza TODO el cronograma actual	Replaces the ENTIRE current schedule	Substitui TODO o cronograma atual
sin día	no day	sem dia
sin RUT en el cronograma, no se pueden cruzar	without RUT in the schedule, they cannot be matched	sem RUT no cronograma, não podem ser cruzados
Start list editable por campeonato · mueve atletas de tarima/flight y se guarda en vivo	Editable start list per championship · move athletes between platforms/flights and it saves live	Start list editável por campeonato · mova atletas de plataforma/flight e salva-se ao vivo
Sube un Excel con las columnas Nombre/División/Categoría/Sexo/Club/Modalidad/Flight/Jornada/Entrenador/Handlers	Upload an Excel with the columns Nombre/División/Categoría/Sexo/Club/Modalidad/Flight/Jornada/Entrenador/Handlers	Envie um Excel com as colunas Nombre/División/Categoría/Sexo/Club/Modalidad/Flight/Jornada/Entrenador/Handlers
Suma solo los aprobados que todavía no están — no toca a los ya ubicados	Adds only the approved ones not yet in it — does not touch those already placed	Soma só os aprovados que ainda não estão — não altera os já posicionados
tandas ·	sessions ·	sessões ·
Traer entrenadores	Bring coaches	Trazer treinadores
Vaciar	Empty	Esvaziar
ya tenían otro nombre escrito y se dejaron como estaban	already had another name written and were left as they were	já tinham outro nome escrito e ficaram como estavam
Importados	Imported	Importados
Nada que exportar	Nothing to export	Nada para exportar
Exportar Excel	Export Excel	Exportar Excel
Error guardando:	Error saving:	Erro ao salvar:
Agregar	Add	Adicionar
No hay atletas	No athletes	Não há atletas
— Elegir campeonato —	— Choose championship —	— Escolher campeonato —
Importar	Import	Importar
-- elige un campeonato --	-- choose a championship --	-- escolha um campeonato --
. Esos campos quedan vacíos. Si el CSV las tiene con otro nombre, renombra los encabezados a mano o avísame y le agrego el alias.	. Those fields are left empty. If the CSV has them under another name, rename the headers by hand or let me know and I will add the alias.	. Esses campos ficam vazios. Se o CSV os tem com outro nome, renomeie os cabeçalhos à mão ou me avise e eu adiciono o alias.
. Se puede volver a apretar cuando se agreguen entrenadores, jueces o inscripciones.	. It can be pressed again when coaches, referees or registrations are added.	. Pode ser apertado de novo quando forem adicionados treinadores, árbitros ou inscrições.
…mostrando primeros 30 de	…showing first 30 of	…mostrando os primeiros 30 de
…o pegar acá	…or paste here	…ou cole aqui
• Categoría:	• Category:	• Categoria:
• Identidad:	• Identity:	• Identidade:
• Intentos:	• Attempts:	• Tentativas:
• Logística:	• Logistics:	• Logística:
1 · CAMPEONATO DESTINO	1 · TARGET CHAMPIONSHIP	1 · CAMPEONATO DESTINO
1. Ingresa a tu meet en liftingcast.com como Meet Director.	1. Log in to your meet at liftingcast.com as Meet Director.	1. Entre no seu meet em liftingcast.com como Meet Director.
2 · CARGAR CSV	2 · LOAD CSV	2 · CARREGAR CSV
3 · PREVIEW	3 · PREVIEW	3 · PRÉVIA
3. Descarga el .csv y súbelo acá.	3. Download the .csv and upload it here.	3. Baixe o .csv e envie aqui.
Además se anotó el código de atleta donde faltaba:	The athlete code was also filled in where missing:	Além disso o código de atleta foi anotado onde faltava:
atletas detectados ·	athletes detected ·	atletas detectados ·
atletas quedaron en privado, y data.json en Storage ya no tiene RUT ni fechas completas.	athletes are now private, and data.json in Storage no longer has RUT or full dates.	atletas ficaram no privado, e data.json no Storage já não tem RUT nem datas completas.
atletas, y se vuelve a publicar data.json en el sitio SIN esos datos. Antes tienen que estar publicadas las reglas nuevas de Firestore. ¿Seguir?	athletes, and data.json is republished on the site WITHOUT that data. The new Firestore rules must be published first. Continue?	atletas, e data.json é publicado de novo no site SEM esses dados. Antes devem estar publicadas as novas regras do Firestore. Continuar?
columnas en CSV	columns in CSV	colunas no CSV
columnas mapeadas ·	columns mapped ·	colunas mapeadas ·
Columnas no encontradas:	Columns not found:	Colunas não encontradas:
Columnas que reconoce	Recognised columns	Colunas que reconhece
Cómo exportar desde LiftingCast	How to export from LiftingCast	Como exportar do LiftingCast
El panel no tiene los RUT del padrón: todavía no termina de cargar, o falta privado/padron	The panel does not have the register's RUTs: it has not finished loading yet, or privado/padron is missing	O painel não tem os RUT do cadastro: ainda não terminou de carregar, ou falta privado/padron
Falta elegir el campeonato destino arriba	You still need to choose the target championship above	Falta escolher o campeonato destino acima
Firestore no dejó escribir: falta publicar las reglas nuevas (reglas/firestore.rules)	Firestore did not allow writing: the new rules need to be published (reglas/firestore.rules)	O Firestore não deixou gravar: falta publicar as novas regras (reglas/firestore.rules)
Importar desde LiftingCast	Import from LiftingCast	Importar do LiftingCast
Las inscripciones se asocian a este evento.	Registrations are linked to this event.	As inscrições são associadas a este evento.
Listo para importar a	Ready to import to	Pronto para importar para
Mod.	Ev.	Mod.
No se detectó ninguna fila válida. Revisa que la primera línea del CSV sean los encabezados (Lifter, Team, etc.) y que cada atleta tenga al menos el nombre.	No valid row was detected. Check that the first line of the CSV is the headers (Lifter, Team, etc.) and that each athlete has at least a name.	Nenhuma linha válida foi detectada. Verifique se a primeira linha do CSV são os cabeçalhos (Lifter, Team etc.) e se cada atleta tem pelo menos o nome.
No se pudo:	Could not:	Não foi possível:
Se van a guardar en privado el RUT y la fecha de nacimiento de	The RUT and date of birth will be saved privately for	Serão salvos no privado o RUT e a data de nascimento de
Solo el Owner puede hacer esto	Only the Owner can do this	Só o Owner pode fazer isto
Sube el CSV exportado desde LiftingCast (Meet Director → Export). Detecta automáticamente columnas comunes (Lifter, Team, Division, BWClass, Squat1Kg, Bench1Kg, Deadlift1Kg, etc.) y crea inscripciones aprobadas en el campeonato que elijas.	Upload the CSV exported from LiftingCast (Meet Director → Export). It automatically detects common columns (Lifter, Team, Division, BWClass, Squat1Kg, Bench1Kg, Deadlift1Kg, etc.) and creates approved registrations in the championship you choose.	Envie o CSV exportado do LiftingCast (Meet Director → Export). Detecta automaticamente colunas comuns (Lifter, Team, Division, BWClass, Squat1Kg, Bench1Kg, Deadlift1Kg etc.) e cria inscrições aprovadas no campeonato que você escolher.
Subir archivo (.csv)	Upload file (.csv)	Enviar arquivo (.csv)
Guardando…	Saving…	Salvando…
Proteger datos personales	Protect personal data	Proteger dados pessoais
Importar a Firestore	Import to Firestore	Importar para o Firestore
— Elegir —	— Choose —	— Escolher —
, puedes contactar al club o pedir el dato directo. Una vez que tengas el email, edita	, you can contact the club or ask for the data directly. Once you have the email, edit	, você pode contatar o clube ou pedir o dado diretamente. Quando tiver o e-mail, edite
, y el formulario queda en	, and the form stays at	, e o formulário fica em
: Para los	: For the	: Para os
? Se borra también su PIN y sus documentos.	? Their PIN and documents are also deleted.	? Também são excluídos seu PIN e seus documentos.
¿Eliminar la inscripción de	Delete the registration of	Excluir a inscrição de
¿Importar una base de entrenadores (archivo .json) a Firestore? Los que ya existan se actualizan. Elige el archivo a continuación.	Import a coaches database (.json file) into Firestore? Existing ones are updated. Choose the file next.	Importar uma base de treinadores (arquivo .json) para o Firestore? Os que já existirem são atualizados. Escolha o arquivo a seguir.
. Ahí el entrenador entra con su RUT, elige a los atletas que lleva de los que ya están inscritos, y sube los documentos que le pidas.	. There the coach logs in with their RUT, picks the athletes they bring from those already registered, and uploads the documents you request.	. Ali o treinador entra com seu RUT, escolhe os atletas que leva entre os já inscritos, e envia os documentos que você pedir.
. Ahí salen todos los que estén abiertos.	. All the open ones are listed there.	. Ali aparecem todos os que estiverem abertos.
. Crea cuentas Firebase para los que tienen email — se les enviará una clave temporal que deben cambiar en su primer login.	. Creates Firebase accounts for those with email — they will be sent a temporary password they must change at first login.	. Cria contas Firebase para os que têm e-mail — será enviada uma senha temporária que devem mudar no primeiro login.
. No se pudo con	. Could not with	. Não foi possível com
·corregido	·corrected	·corrigido
(¿lo subiste a hosting?)	(did you upload it to hosting?)	(você o enviou ao hosting?)
(movido desde	(moved from	(movido de
(Recuérdale que la cambie en su primer inicio de sesión.)	(Remind them to change it at their first login.)	(Lembre-o de mudá-la no primeiro login.)
• Bloqueo CORS por servir desde otro dominio.	• CORS block from serving from another domain.	• Bloqueio CORS por servir de outro domínio.
• El archivo está en	• The file is in	• O arquivo está em
• El URL del admin está en otro path y el fetch relativo apunta mal.	• The admin URL is on another path and the relative fetch points wrong.	• A URL do admin está em outro caminho e o fetch relativo aponta errado.
+ Agregar acreditación	+ Add accreditation	+ Adicionar credenciamento
+ Nuevo formulario	+ New form	+ Novo formulário
a mano y recarga esta vista.	by hand and reload this view.	à mão e recarregue esta visão.
Abierto	Open	Aberto
Abierto — se puede llenar ahora	Open — can be filled in now	Aberto — pode ser preenchido agora
Abrir	Open	Abrir
acreditación	accreditation	credenciamento
Acreditación	Accreditation	Credenciamento
ACREDITACIONES (cada una vence al año)	ACCREDITATIONS (each expires after a year)	CREDENCIAMENTOS (cada um vence em um ano)
Acreditaciones por proceso · cada una vigente 1 año · categoría · editable	Accreditations per process · each valid 1 year · category · editable	Credenciamentos por processo · cada um vigente 1 ano · categoria · editável
Acreditado	Accredited	Credenciado
al pedir	when requesting	ao pedir
Al primer ingreso tiene que cambiarla.	They must change it at first login.	No primeiro acesso deve mudá-la.
Aprobado	Approved	Aprovado
Aprobar	Approve	Aprovar
Base de Entrenadores	Coaches Database	Base de Treinadores
Base vacía — usa “Importar base”.	Empty database — use “Import database”.	Base vazia — use “Importar base”.
Buscar por nombre, RUT o club…	Search by name, RUT or club…	Buscar por nome, RUT ou clube…
campeonato(s)	championship(s)	campeonato(s)
Campeonatos → editar → Abrir inscripción de entrenadores	Championships → edit → Open coach registration	Campeonatos → editar → Abrir inscrição de treinadores
Cargando lista de entrenadores...	Loading coaches list...	Carregando lista de treinadores...
Cat. · todas	Cat. · all	Cat. · todas
Categoría actual (ej: Cat. 1)	Current category (e.g.: Cat. 1)	Categoria atual (ex.: Cat. 1)
Causas comunes:	Common causes:	Causas comuns:
Cerrado	Closed	Fechado
Cierra	Closes	Fecha
Cierra el	Closes on	Fecha em
Clave temporal:	Temporary password:	Senha temporária:
Clave:	Password:	Senha:
Clubs	Clubs	Clubes
Clubs:	Clubs:	Clubes:
CON CUENTA	WITH ACCOUNT	COM CONTA
con el padrón: a esta persona no le va a salir la insignia de entrenador	with the register: this person will not get the coach badge	com o cadastro: esta pessoa não vai receber o selo de treinador
CON EMAIL	WITH EMAIL	COM E-MAIL
configuración(es) de campeonato a formularios propios?	championship configuration(s) into standalone forms?	configuração(ões) de campeonato para formulários próprios?
Correos	Emails	E-mails
Correos (separados por coma)	Emails (comma-separated)	E-mails (separados por vírgula)
creadas,	created,	criadas,
Creado	Created	Criado
Creando	Creating	Criando
Crear	Create	Criar
Crear cuenta para "	Create account for "	Criar conta para "
Crear cuentas	Create accounts	Criar contas
Cuenta creada. Credenciales para entregar al entrenador: Email:	Account created. Credentials to give the coach: Email:	Conta criada. Credenciais para entregar ao treinador: E-mail:
cuenta(s)	account(s)	conta(s)
cuenta(s) creada(s). La clave de cada uno es su RUT sin puntos ni guion.	account(s) created. Each one's password is their RUT without dots or dash.	conta(s) criada(s). A senha de cada um é seu RUT sem pontos nem hífen.
cuenta(s).	account(s).	conta(s).
De ahí salen los atletas que puede elegir.	That is where the athletes they can choose come from.	Daí saem os atletas que pode escolher.
de la base?	from the database?	da base?
Detalle:	Detail:	Detalhe:
Documentos que se le piden	Documents requested	Documentos que são pedidos
Editar entrenador	Edit coach	Editar treinador
Editar formulario	Edit form	Editar formulário
ej. Entrenadores · Nacional Olimpiadas Especiales	e.g. Coaches · Special Olympics Nationals	ex.: Treinadores · Nacional Olimpíadas Especiais
El formulario vive en	The form lives at	O formulário fica em
El período de los entrenadores, aparte del de los atletas ·	The coaches' period, separate from the athletes' ·	O período dos treinadores, à parte do dos atletas ·
Elige de qué campeonato es	Choose which championship it is for	Escolha de qual campeonato é
En la planilla traían el RUT de otra persona, así que se les dejó en blanco: un RUT equivocado no es un dato que falta, es la insignia de entrenador colgada en la ficha de alguien que no lo es. Escribiéndoles el RUT correcto en “Editar”, la insignia les aparece sola en su perfil.	The spreadsheet had someone else's RUT, so it was left blank: a wrong RUT is not missing data, it is the coach badge hanging on the profile of someone who is not one. Entering the correct RUT in “Edit” makes the badge appear on their profile automatically.	Na planilha vinha o RUT de outra pessoa, então foi deixado em branco: um RUT errado não é um dado que falta, é o selo de treinador pendurado na ficha de alguém que não é. Escrevendo o RUT correto em “Editar”, o selo aparece sozinho no perfil.
en local pero NO se subió al hosting (Firebase / Vercel / etc).	locally but was NOT uploaded to hosting (Firebase / Vercel / etc).	localmente mas NÃO foi enviado ao hosting (Firebase / Vercel / etc).
en su perfil. ¿Guardar así?	on their profile. Save like this?	no perfil. Salvar assim?
Entra con su correo y, de clave, su RUT sin puntos ni guion.	They log in with their email and, as password, their RUT without dots or dash.	Entra com seu e-mail e, como senha, seu RUT sem pontos nem hífen.
Entrenador eliminado	Coach deleted	Treinador excluído
Entrenador guardado	Coach saved	Treinador salvo
entrenador(es) sin RUT.	coach(es) without RUT.	treinador(es) sem RUT.
entrenador(es) vigentes sin cuenta.	current coach(es) without an account.	treinador(es) vigentes sem conta.
Entrenadores ·	Coaches ·	Treinadores ·
entrenadores sin email	coaches without email	treinadores sem e-mail
Es lo que el entrenador ve en la lista al entrar.	It is what the coach sees in the list when entering.	É o que o treinador vê na lista ao entrar.
este entrenador	this coach	este treinador
Esto antes se configuraba adentro de la ficha del campeonato. Se trae acá tal cual —nombre, fecha, texto y documentos— y el campeonato queda limpio.	This used to be configured inside the championship page. It is brought here as is —name, date, text and documents— and the championship is left clean.	Isto antes era configurado dentro da ficha do campeonato. É trazido para cá tal qual —nome, data, texto e documentos— e o campeonato fica limpo.
Exportar CSV	Export CSV	Exportar CSV
Fecha de inicio	Start date	Data de início
Fecha de término / vencimiento	End / expiry date	Data de término / vencimento
ficha(s) que ya no están en la base:	record(s) no longer in the database:	ficha(s) que já não estão na base:
Formulario	Form	Formulário
Formulario abierto	Form open	Formulário aberto
Formulario borrado	Form deleted	Formulário excluído
Formulario cerrado	Form closed	Formulário fechado
Formulario guardado	Form saved	Formulário salvo
Formularios de Entrenadores	Coach Forms	Formulários de Treinadores
Grado:	Grade:	Grau:
Guardá la clave antes de aceptar — solo se muestra una vez.	Save the password before accepting — it is shown only once.	Guarde a senha antes de aceitar — só é mostrada uma vez.
Hay configuración vieja en	There is old configuration in	Há configuração antiga em
HC Suplente	Substitute HC	HC Suplente
Head Coach Suplente	Substitute Head Coach	Head Coach Suplente
Importando…	Importing…	Importando…
Importar base	Import database	Importar base
Inscripción de Entrenadores	Coach Registration	Inscrição de Treinadores
inscripción(es) hechas con él. No se borran, pero quedan sin formulario.	registration(s) made with it. They are not deleted, but are left without a form.	inscrição(ões) feitas com ele. Não são excluídas, mas ficam sem formulário.
Instrucciones, plazos, a quién escribir…	Instructions, deadlines, whom to write to…	Instruções, prazos, a quem escrever…
la insignia de entrenador le sigue saliendo al atleta equivocado. ¿Borrarlas?	the coach badge still shows on the wrong athlete. Delete them?	o selo de treinador continua aparecendo no atleta errado. Excluí-las?
le pide al entrenador que elija a los atletas que lleva, de los que ya están inscritos ahí. Uno de	asks the coach to choose the athletes they bring, from those already registered there. One of	pede ao treinador que escolha os atletas que leva, entre os já inscritos ali. Um do
Le pide al entrenador que elija a los atletas que lleva.	Asks the coach to choose the athletes they bring.	Pede ao treinador que escolha os atletas que leva.
Lista importada desde	List imported from	Lista importada de
Lo que va a ver y llenar el entrenador	What the coach will see and fill in	O que o treinador vai ver e preencher
Los formularios que llena el entrenador · sirven para inscribirse a un campeonato y para las convocatorias de acreditación	The forms the coach fills in · used to register for a championship and for accreditation calls	Os formulários que o treinador preenche · servem para se inscrever em um campeonato e para as convocatórias de credenciamento
los que agregues.	the ones you add.	os que você adicionar.
Nada calza con ese filtro.	Nothing matches that filter.	Nada corresponde a esse filtro.
No está en la base	Not in the database	Não está na base
No hay cuentas que crear. Quedan	No accounts to create. Remaining	Não há contas para criar. Restam
No pide atletas: postula él y sube sus papeles.	Does not ask for athletes: they apply themselves and upload their papers.	Não pede atletas: ele se candidata e envia seus papéis.
no pide atletas: postula él y sube sus papeles. En los dos casos, los documentos los define usted.	does not ask for athletes: they apply themselves and upload their papers. In both cases, you define the documents.	não pede atletas: ele se candidata e envia seus papéis. Nos dois casos, os documentos são definidos por você.
No pude cargar	Could not load	Não consegui carregar
Nombre / RUT	Name / RUT	Nome / RUT
Nombre del formulario	Form name	Nome do formulário
Nombre, el PDF en blanco que descarga y el link si el papel se saca en otra página.	Name, the blank PDF it downloads and the link if the paper is obtained on another page.	Nome, o PDF em branco que se baixa e o link se o papel é obtido em outra página.
Nuevo entrenador	New coach	Novo treinador
Nuevo formulario de entrenador	New coach form	Novo formulário de treinador
Ponle un nombre al formulario	Give the form a name	Dê um nome ao formulário
por revisar	to review	por revisar
Proceso	Process	Processo
Proceso · todos	Process · all	Processo · todos
Proceso (1,2,3,4...)	Process (1,2,3,4...)	Processo (1,2,3,4...)
Procesos	Processes	Processos
Quedan fuera	Left out	Ficam de fora
Rechazado	Rejected	Rejeitado
Rechazados	Rejected	Rejeitados
Reintentar	Retry	Tentar novamente
Roles	Roles	Funções
Se abre desde	It opens from	Abre-se em
Se crearon	Created	Foram criadas
Se piden todos	All are requested	Pedem-se todos
Se van a crear	Will be created	Serão criadas
Sexo…	Sex…	Sexo…
Sí	Yes	Sim
sin acreditación vigente	no current accreditation	sem credenciamento vigente
Sin acreditaciones.	No accreditations.	Sem credenciamentos.
sin club	no club	sem clube
sin correo.	no email.	sem e-mail.
Sin email	No email	Sem e-mail
SIN EMAIL	NO EMAIL	SEM E-MAIL
Sin email — no se puede crear cuenta. Pedile el email primero.	No email — an account cannot be created. Ask them for the email first.	Sem e-mail — não é possível criar conta. Peça o e-mail primeiro.
SIN RUT	NO RUT	SEM RUT
sin RUT — no se enlaza con el padrón	no RUT — not linked to the register	sem RUT — não se vincula ao cadastro
sin RUT en la base (la clave es el RUT).	without RUT in the database (the password is the RUT).	sem RUT na base (a senha é o RUT).
Sin RUT la ficha se guarda igual, pero no se puede enlazar	Without RUT the record is still saved, but it cannot be linked	Sem RUT a ficha é salva mesmo assim, mas não pode ser vinculada
sin RUT: cárgaselo en Editar y vuelve.	without RUT: add it in Edit and come back.	sem RUT: coloque-o em Editar e volte.
Son las que estaban guardadas con el RUT de otra persona. Si no se borran,	They are the ones saved with someone else's RUT. If they are not deleted,	São as que estavam salvas com o RUT de outra pessoa. Se não forem excluídas,
Teléfono	Phone	Telefone
Término	End	Término
Texto que ve el entrenador al empezar	Text the coach sees at the start	Texto que o treinador vê ao começar
Todavía no hay ninguna inscripción de entrenador.	There are no coach registrations yet.	Ainda não há nenhuma inscrição de treinador.
Todavía no hay ninguno.	There are none yet.	Ainda não há nenhum.
Todos los campeonatos	All championships	Todos os campeonatos
Todos los entrenadores vigentes ya tienen cuenta.	All current coaches already have an account.	Todos os treinadores vigentes já têm conta.
Traer	Bring	Trazer
Traerlos	Bring them	Trazê-los
Traídos	Brought	Trazidos
Uno de tipo	One of type	Um do tipo
Vacío = sin fecha de cierre.	Empty = no closing date.	Vazio = sem data de fechamento.
Vence	Expires	Vence
Vencida	Expired	Vencida
Vencido	Expired	Vencido
Vigencia	Validity	Vigência
Vigente hasta	Valid until	Vigente até
VIGENTES	CURRENT	VIGENTES
Ya existe	Already exists	Já existe
Ya existe un coach con este email:	A coach with this email already exists:	Já existe um coach com este e-mail:
Club · todos	Club · all	Clube · todos
Inscritos	Registered	Inscritos
Sexo · todos	Sex · all	Sexo · todos
sin fecha	no date	sem data
con error	with errors	com erro
Error importando:	Error importing:	Erro ao importar:
Estado revertido	Status reverted	Estado revertido
Falta el nombre	Name missing	Falta o nome
Rechazar	Reject	Rejeitar
Acción	Action	Ação
Tipo	Type	Tipo
+ Agregar	+ Add	+ Adicionar
¿Borrar "	Delete "	Excluir "
Borrar	Delete	Excluir
— Google lo marcó como anomalía porque su previsión era de entre	— Google flagged it as an anomaly because its forecast was between	— o Google marcou como anomalia porque sua previsão era entre
— la gente que hoy compite. La	— the people who compete today. The	— as pessoas que hoje competem. A
, compita una o cinco veces. Es el número de gente distinta que pisó una tarima ese año — no el de participaciones.	, whether they compete once or five times. It is the number of different people who stepped on a platform that year — not of participations.	, compita uma ou cinco vezes. É o número de pessoas diferentes que pisaram em uma plataforma naquele ano — não o de participações.
, día del	, day of	, dia do
, el sitio hizo	, the site had	, o site teve
: inscritos que nunca subieron a tarima. No son atletas activos y no se cuentan como tales.	: registrants who never stepped on the platform. They are not active athletes and are not counted as such.	: inscritos que nunca subiram à plataforma. Não são atletas ativos e não são contados como tais.
: la columna	: the column	: a coluna
: son el tamaño de la base, no del recorte. La	: they are the size of the database, not the filtered set. The	: são o tamanho da base, não do recorte. A
. La publicidad pagada en Instagram trajo	. Paid advertising on Instagram brought	. A publicidade paga no Instagram trouxe
. Los campeonatos son los que mueven la aguja.	. Championships are what move the needle.	. Os campeonatos são o que movem o ponteiro.
. No se actualiza sola — el contador de arriba sí.	. It does not update automatically — the counter above does.	. Não se atualiza sozinho — o contador acima sim.
· base completa, cada atleta contado una vez	· full database, each athlete counted once	· base completa, cada atleta contado uma vez
· incluye a los que no volvieron	· includes those who did not return	· inclui os que não voltaram
· inscripción abierta	· registration open	· inscrição aberta
· personas únicas que compitieron al menos 1 vez en el año	· unique people who competed at least once in the year	· pessoas únicas que competiram pelo menos 1 vez no ano
· regiones	· regions	· regiões
(a la fecha)	(to date)	(até a data)
(cierre est.)	(est. close)	(fechamento est.)
(filtro)	(filter)	(filtro)
(proyección)	(projection)	(projeção)
% de la histórica	% of the historical	% da histórica
% de los de	% of those from	% dos de
% del total	% of the total	% do total
% del total: el resto llega solo. El día más alto del período fueron	% of the total: the rest comes on its own. The highest day of the period was	% do total: o resto chega sozinho. O dia mais alto do período foi
% vs período anterior	% vs previous period	% vs período anterior
= persona que compitió al menos una vez en el año (1 ene–31 dic). Se paga una sola vez, así que cada persona suma en el primer campeonato que corre y en los siguientes aparece como	= person who competed at least once in the year (Jan 1–Dec 31). It is paid only once, so each person counts in the first championship they compete in and in the following ones appears as	= pessoa que competiu pelo menos uma vez no ano (1 jan–31 dez). Paga-se uma única vez, então cada pessoa soma no primeiro campeonato em que compete e nos seguintes aparece como
2026 (cierre est.)	2026 (est. close)	2026 (fechamento est.)
2026 (est)	2026 (est)	2026 (est)
2027 (proy)	2027 (proj)	2027 (proj)
2027 (proyección)	2027 (projection)	2027 (projeção)
ACTIVOS EN	ACTIVE IN	ATIVOS EM
Afiliación	Affiliation	Filiação
AFILIACIONES POR CAMPEONATO	AFFILIATIONS BY CHAMPIONSHIP	FILIAÇÕES POR CAMPEONATO
Afiliado	Affiliated	Filiado
Afiliados	Affiliated	Filiados
AFILIADOS	AFFILIATED	FILIADOS
AFILIADOS POR AÑO	AFFILIATED PER YEAR	FILIADOS POR ANO
AFILIADOS POR AÑO (personas únicas)	AFFILIATED PER YEAR (unique people)	FILIADOS POR ANO (pessoas únicas)
Año desde	Year from	Ano desde
Año hasta	Year to	Ano até
ATLETAS EN DB	ATHLETES IN DB	ATLETAS NA BASE
ATLETAS ÚNICOS POR AÑO	UNIQUE ATHLETES PER YEAR	ATLETAS ÚNICOS POR ANO
base actual	current database	base atual
BASE ACTUAL	CURRENT DATABASE	BASE ATUAL
BASE HISTÓRICA	HISTORICAL DATABASE	BASE HISTÓRICA
Cada persona cuenta	Each person counts	Cada pessoa conta
Cada persona se cuenta una sola vez en el año: paga en el primero que corre y en los siguientes ya está afiliada.	Each person is counted only once per year: they pay at the first meet they compete in and are already affiliated at the following ones.	Cada pessoa é contada uma única vez no ano: paga no primeiro em que compete e nos seguintes já está filiada.
CAMBIO	CHANGE	VARIAÇÃO
CAMPEONATOS	CHAMPIONSHIPS	CAMPEONATOS
CARAS NUEVAS	NEW FACES	CARAS NOVAS
CATEGORÍAS DE PESO — HOMBRES	WEIGHT CLASSES — MEN	CATEGORIAS DE PESO — HOMENS
CATEGORÍAS DE PESO — MUJERES	WEIGHT CLASSES — WOMEN	CATEGORIAS DE PESO — MULHERES
Centro	Central	Centro
Centro Norte	Central North	Centro Norte
Centro Sur	Central South	Centro Sul
CIUDADES · ÚLTIMO MES	CITIES · LAST MONTH	CIDADES · ÚLTIMO MÊS
CLUBES ACTIVOS	ACTIVE CLUBS	CLUBES ATIVOS
compiten en	compete in	competem em
Compitieron	Competed	Competiram
compitieron en	competed in	competiram em
COMPITIERON EN	COMPETED IN	COMPETIRAM EM
con registro	with records	com registro
CREC.	GROWTH	CRESC.
CRECIMIENTO AÑO A AÑO (Δ únicos)	YEAR-ON-YEAR GROWTH (Δ unique)	CRESCIMENTO ANO A ANO (Δ únicos)
CRECIMIENTO Y PROYECCIÓN	GROWTH AND PROJECTION	CRESCIMENTO E PROJEÇÃO
CSV exportado:	CSV exported:	CSV exportado:
Datos propios de YourLift · Actualizado en tiempo real · Visitante único = 1 por persona por día	YourLift's own data · Updated in real time · Unique visitor = 1 per person per day	Dados próprios do YourLift · Atualizado em tempo real · Visitante único = 1 por pessoa por dia
DE DÓNDE LLEGA (TOTAL)	WHERE IT COMES FROM (TOTAL)	DE ONDE VEM (TOTAL)
Demografía exportada —	Demographics exported —	Demografia exportada —
DEMOGRAFÍA Y MODALIDADES	DEMOGRAPHICS AND EVENTS	DEMOGRAFIA E MODALIDADES
Descargar resumen + por año + detalle (CSV, abre en Excel)	Download summary + per year + detail (CSV, opens in Excel)	Baixar resumo + por ano + detalhe (CSV, abre no Excel)
Desde	From	Desde
DESDE	FROM	DESDE
DETALLE	DETAIL	DETALHE
disputados este año	held this year	disputados este ano
DISTRIBUCIÓN POR DIVISIÓN	DISTRIBUTION BY DIVISION	DISTRIBUIÇÃO POR DIVISÃO
DISTRIBUCIÓN POR N° COMPETENCIAS	DISTRIBUTION BY NO. OF COMPETITIONS	DISTRIBUIÇÃO POR Nº DE COMPETIÇÕES
División · todas	Division · all	Divisão · todas
EDAD PROMEDIO POR AÑO	AVERAGE AGE PER YEAR	IDADE MÉDIA POR ANO
El contador propio todavía no tiene datos. Se registran a medida que la gente entra a yourlift.cl.	The built-in counter has no data yet. Visits are recorded as people enter yourlift.cl.	O contador próprio ainda não tem dados. São registrados conforme as pessoas entram em yourlift.cl.
El tráfico lo mueven las competencias.	Traffic is driven by competitions.	O tráfego é movido pelas competições.
El tráfico web es solo para el owner.	Web traffic is for the owner only.	O tráfego web é só para o owner.
EN CAMINO	ON THE WAY	A CAMINHO
en la base histórica	in the historical database	na base histórica
Error cargando analytics:	Error loading analytics:	Erro ao carregar analytics:
es lo que ese campeonato aportó de afiliaciones, y la suma de esa columna es el total del año. Los datos se cruzan por RUT entre los resultados del livecast, los que suben los atletas y el histórico publicado, así que un campeonato escrito de dos formas —o partido en dos tarimas— cuenta una sola vez. Un campeonato marcado	is what that championship contributed in affiliations, and the sum of that column is the year's total. Data is matched by RUT across livecast results, those uploaded by athletes and the published history, so a championship written two ways —or split into two platforms— counts only once. A championship marked	é o que esse campeonato trouxe de filiações, e a soma dessa coluna é o total do ano. Os dados são cruzados por RUT entre os resultados do livecast, os que os atletas enviam e o histórico publicado, então um campeonato escrito de duas formas —ou dividido em duas plataformas— conta uma só vez. Um campeonato marcado
es todo el que alguna vez pisó una tarima, desde	is everyone who has ever stepped on a platform, since	é todo aquele que alguma vez pisou em uma plataforma, desde
está en curso, así que su cifra todavía va a subir: compararla con el año cerrado anterior recién tiene sentido en diciembre.	is in progress, so its figure will still go up: comparing it with the previous closed year only makes sense in December.	está em andamento, então sua cifra ainda vai subir: compará-la com o ano fechado anterior só faz sentido em dezembro.
Estos números	These figures	Estes números
EVOLUCIÓN DE VISITAS	VISITS OVER TIME	EVOLUÇÃO DAS VISITAS
EVOLUCIÓN Y PARTICIPACIÓN	EVOLUTION AND PARTICIPATION	EVOLUÇÃO E PARTICIPAÇÃO
EXPORTAR (CSV / Excel)	EXPORT (CSV / Excel)	EXPORTAR (CSV / Excel)
Exportar a JSON (consumible por Power BI Desktop)	Export to JSON (usable by Power BI Desktop)	Exportar para JSON (utilizável pelo Power BI Desktop)
EXPORTAR CSV	EXPORT CSV	EXPORTAR CSV
Exportar datos filtrados a CSV (Excel / Power BI)	Export filtered data to CSV (Excel / Power BI)	Exportar dados filtrados para CSV (Excel / Power BI)
fichas con código y ninguna competencia	records with a code and no competitions	fichas com código e nenhuma competição
fichas en el archivo	records in the file	fichas no arquivo
FILTROS	FILTERS	FILTROS
Foto tomada el	Snapshot taken on	Foto tirada em
GOOGLE ANALYTICS · HISTÓRICO	GOOGLE ANALYTICS · HISTORICAL	GOOGLE ANALYTICS · HISTÓRICO
HASTA	TO	ATÉ
histórica	historical	histórica
INSCRIPCIONES EN CURSO	REGISTRATIONS IN PROGRESS	INSCRIÇÕES EM ANDAMENTO
inscritos que aún no se afilian	registrants not yet affiliated	inscritos que ainda não se filiaram
INSCRITOS SIN COMPETIR	REGISTERED WITHOUT COMPETING	INSCRITOS SEM COMPETIR
JSON exportado:	JSON exported:	JSON exportado:
Julio, sin ninguna fecha en el calendario, cerró con	July, with no date on the calendar, closed with	Julho, sem nenhuma etapa no calendário, fechou com
KG TOTALES MOVIDOS	TOTAL KG MOVED	KG TOTAIS MOVIDOS
LA BASE DE ATLETAS	THE ATHLETE DATABASE	A BASE DE ATLETAS
La demografía del padrón es solo para el owner.	The register demographics are for the owner only.	A demografia do cadastro é só para o owner.
La temporada	The season	A temporada
lo que va de la temporada	so far this season	o que vai da temporada
Lo único que se puede comparar entre sexos, divisiones de edad y modalidades · usa los mismos filtros de arriba	The only thing comparable across sexes, age divisions and events · uses the same filters above	A única coisa comparável entre sexos, divisões de idade e modalidades · usa os mesmos filtros de cima
MAYOR CRECIMIENTO	HIGHEST GROWTH	MAIOR CRESCIMENTO
Menor de 14	Under 14	Menor de 14
Modalidad · todas	Event · all	Modalidade · todas
MODALIDAD POR AÑO	EVENT PER YEAR	MODALIDADE POR ANO
no dependen de los filtros	do not depend on the filters	não dependem dos filtros
No determinada	Undetermined	Não determinada
NO HAN VUELTO	HAVE NOT RETURNED	NÃO VOLTARAM
No hay inscripciones abiertas para	No open registrations for	Não há inscrições abertas para
Nóminas todavía abiertas. No suman hasta que el campeonato se corra.	Nominations still open. They do not count until the championship is held.	Nominatas ainda abertas. Não somam até o campeonato ser disputado.
Norte	North	Norte
Nuevas	New	Novas
o en	or in	ou em
ORIGEN DEL TRÁFICO	TRAFFIC SOURCE	ORIGEM DO TRÁFEGO
PÁGINAS MÁS VISITADAS	MOST VISITED PAGES	PÁGINAS MAIS VISITADAS
PAÍSES · ÚLTIMO MES	COUNTRIES · LAST MONTH	PAÍSES · ÚLTIMO MÊS
PARTICIPACIÓN FEMENINA	FEMALE PARTICIPATION	PARTICIPAÇÃO FEMININA
PARTICIPACIONES	PARTICIPATIONS	PARTICIPAÇÕES
PARTICIPACIONES TOTALES POR AÑO	TOTAL PARTICIPATIONS PER YEAR	PARTICIPAÇÕES TOTAIS POR ANO
PEAK EN UN DÍA	PEAK IN ONE DAY	PICO EM UM DIA
PERÍODO	PERIOD	PERÍODO
personas afiliadas este año.	people affiliated this year.	pessoas filiadas este ano.
PERSONAS DISTINTAS	DIFFERENT PEOPLE	PESSOAS DIFERENTES
personas distintas que ya compitieron	different people who have already competed	pessoas diferentes que já competiram
Personas únicas	Unique people	Pessoas únicas
PERSONAS ÚNICAS	UNIQUE PEOPLE	PESSOAS ÚNICAS
PROMEDIO POR DÍA	AVERAGE PER DAY	MÉDIA POR DIA
PROYECCIÓN DE CRECIMIENTO	GROWTH PROJECTION	PROJEÇÃO DE CRESCIMENTO
RANGOS DE EDAD	AGE RANGES	FAIXAS ETÁRIAS
RANGOS DE EDAD POR AÑO	AGE RANGES PER YEAR	FAIXAS ETÁRIAS POR ANO
RANGOS DE EDAD POR AÑO (apilado)	AGE RANGES PER YEAR (stacked)	FAIXAS ETÁRIAS POR ANO (empilhado)
RANKING DE ATLETAS	ATHLETE RANKING	RANKING DE ATLETAS
RESUMEN TOTAL	TOTAL SUMMARY	RESUMO TOTAL
RETENCIÓN DE ATLETAS (% que vuelve)	ATHLETE RETENTION (% who return)	RETENÇÃO DE ATLETAS (% que volta)
RETENCIÓN PROMEDIO	AVERAGE RETENTION	RETENÇÃO MÉDIA
s/resultados	no results	s/resultados
SANTIAGO vs REGIONES · PERÍODO A PERÍODO	SANTIAGO vs REGIONS · PERIOD BY PERIOD	SANTIAGO vs REGIÕES · PERÍODO A PERÍODO
Serían nuevas	Would be new	Seriam novas
SESIONES	SESSIONS	SESSÕES
sesiones en una sola jornada	sessions in a single day	sessões em uma só jornada
sesiones, un	sessions, a	sessões, um
SIGUEN COMPITIENDO	STILL COMPETING	CONTINUAM COMPETINDO
Sin dato	No data	Sem dado
Sin datos de club.	No club data.	Sem dados de clube.
Sin fecha	No date	Sem data
Sin resultados cargados: la cifra sale de la nómina de inscritos	No results loaded: the figure comes from the registration list	Sem resultados carregados: a cifra sai da lista de inscritos
Sobre las	About the	Sobre as
son estimaciones (según inscritos esperados de los regionales que faltan: Centro oct, Sur Austral, Centro Sur, Norte, Universitario), no datos cerrados.	are estimates (based on expected registrants of the remaining regionals: Centro Oct, Sur Austral, Centro Sur, Norte, University), not closed data.	são estimativas (segundo inscritos esperados dos regionais que faltam: Centro out, Sur Austral, Centro Sur, Norte, Universitário), não dados fechados.
son los que compitieron en	are those who competed in	são os que competiram em
suma los afiliados de cada año (mide recurrencia). La	adds up the affiliated of each year (measures recurrence). The	soma os filiados de cada ano (mede recorrência). A
Sur	South	Sul
Sur Austral	Far South	Sul Austral
Todavía no hay campeonatos disputados en	There are no championships held yet in	Ainda não há campeonatos disputados em
todavía no tiene resultados cargados y la cifra sale de su nómina de inscritos: va a ajustarse sola cuando se carguen.	has no results loaded yet and the figure comes from its registration list: it will adjust automatically when they are loaded.	ainda não tem resultados carregados e a cifra sai da sua lista de inscritos: vai se ajustar sozinha quando forem carregados.
TOP 10 CLUBES	TOP 10 CLUBS	TOP 10 CLUBES
TOP 20 — MÁS PARTICIPACIONES	TOP 20 — MOST PARTICIPATIONS	TOP 20 — MAIS PARTICIPAÇÕES
Total afiliaciones	Total affiliations	Total de filiações
TOTAL AFILIACIONES	TOTAL AFFILIATIONS	TOTAL DE FILIAÇÕES
Un tercio del público está fuera de Santiago: Concepción, Antofagasta, Temuco y Viña son las que más pesan.	A third of the audience is outside Santiago: Concepción, Antofagasta, Temuco and Viña weigh the most.	Um terço do público está fora de Santiago: Concepción, Antofagasta, Temuco e Viña são as que mais pesam.
una sola vez por año	only once per year	uma só vez por ano
Únicos	Unique	Únicos
ÚNICOS	UNIQUE	ÚNICOS
USUARIOS	USERS	USUÁRIOS
usuarios nuevos. Agosto, con dos regionales, subió a	new users. August, with two regionals, rose to	usuários novos. Agosto, com dois regionais, subiu para
VISITANTES ÚNICOS	UNIQUE VISITORS	VISITANTES ÚNICOS
VISITAS EN EL RANGO	VISITS IN RANGE	VISITAS NO PERÍODO
VISITAS HOY	VISITS TODAY	VISITAS HOJE
VISITAS POR DÍA (TOTAL vs ÚNICOS)	VISITS PER DAY (TOTAL vs UNIQUE)	VISITAS POR DIA (TOTAL vs ÚNICOS)
VISITAS TOTALES	TOTAL VISITS	VISITAS TOTAIS
Vistas	Views	Visualizações
VISTAS	VIEWS	VISUALIZAÇÕES
volvió	returned	voltou
vs. AÑO ANTERIOR	vs. PREVIOUS YEAR	vs. ANO ANTERIOR
Y hay	And there are	E há
y no lo hicieron en	and did not in	e não o fizeram em
y todavía no en	and not yet in	e ainda não em
ya afiliado	already affiliated	já filiado
Ya afiliado	Already affiliated	Já filiado
YourLift - Demografia de atletas	YourLift - Athlete demographics	YourLift - Demografia de atletas
ZONA	ZONE	ZONA
ZONA (según campeonato regional)	ZONE (by regional championship)	ZONA (segundo campeonato regional)
ZONA POR AÑO	ZONE PER YEAR	ZONA POR ANO
ZONA POR AÑO (apilado)	ZONE PER YEAR (stacked)	ZONA POR ANO (empilhado)
ATLETAS	ATHLETES	ATLETAS
— alternativa: descarga la foto del enlace Ver en Nóminas y súbela con "Sin procesar (tal cual)".	— alternative: download the photo from the See in Nominations link and upload it with "Unprocessed (as is)".	— alternativa: baixe a foto do link Ver nas Nominatas e envie com "Sem processar (tal qual)".
— alternativa: descarga la foto manualmente del enlace Ver en Nóminas y súbela con "Elegir otra foto".	— alternative: download the photo manually from the See in Nominations link and upload it with "Choose another photo".	— alternativa: baixe a foto manualmente do link Ver nas Nominatas e envie com "Escolher outra foto".
— sin asignar —	— unassigned —	— sem atribuir —
— también se carga ahí	— it is also uploaded there	— também é carregada ali
, fallaron	, failed	, falharam
: Exporta desde Premiere/DaVinci como	: Export from Premiere/DaVinci as	: Exporte do Premiere/DaVinci como
: Graba frente a un	: Record in front of a	: Grave diante de um
: no está en el padrón	: not in the register	: não está no cadastro
: no se encontró la foto de su inscripción	: their registration photo was not found	: não foi encontrada a foto da inscrição
? La foto no se publicará. El atleta podrá subir otra.	? The photo will not be published. The athlete can upload another.	? A foto não será publicada. O atleta poderá enviar outra.
¿Borrar el GIF de	Delete the GIF of	Excluir o GIF de
¿Borrar la foto de	Delete the photo of	Excluir a foto de
¿Confirmar	Confirm	Confirmar
¿Convertir a WebP las fotos de documentos de inscripciones (carnet, foto fondo blanco, etc.)? Los PDFs se omiten automáticamente. Puede tardar varios minutos. No cierres la página.	Convert registration document photos (ID card, white-background photo, etc.) to WebP? PDFs are skipped automatically. It may take several minutes. Do not close the page.	Converter para WebP as fotos de documentos de inscrições (identidade, foto fundo branco etc.)? Os PDFs são ignorados automaticamente. Pode levar vários minutos. Não feche a página.
¿Convertir a WebP las fotos/logos ya subidos a Firebase Storage? Se procesarán: • Fotos de atletas • Logos de clubes • Logos de campeonatos No cierres la página. Puede tardar varios minutos.	Convert photos/logos already uploaded to Firebase Storage to WebP? To be processed: • Athlete photos • Club logos • Championship logos Do not close the page. It may take several minutes.	Converter para WebP as fotos/logos já enviados ao Firebase Storage? Serão processados: • Fotos de atletas • Logos de clubes • Logos de campeonatos Não feche a página. Pode levar vários minutos.
¿Rechazar la foto de	Reject the photo of	Rejeitar a foto de
. Prueba con otra foto o más chica (<5MB).	. Try another photo or a smaller one (<5MB).	. Tente outra foto ou uma menor (<5MB).
. Si dice "permissions" → desplegar reglas/firestore.rules.	. If it says "permissions" → deploy reglas/firestore.rules.	. Se disser "permissions" → publicar reglas/firestore.rules.
(estilo IPF fondo blanco) o subir la foto	(IPF white-background style) or upload the photo	(estilo IPF fundo branco) ou enviar a foto
(la de la izquierda).	(the one on the left).	(a da esquerda).
(la que mandó el atleta). Las fotos se ven en perfiles públicos y en la transmisión OBS.	(the one the athlete sent). Photos are shown on public profiles and in the OBS broadcast.	(a que o atleta mandou). As fotos aparecem nos perfis públicos e na transmissão OBS.
(sin nombre)	(unnamed)	(sem nome)
). Acepta acentos, guiones bajos y números al inicio.	). Accepts accents, underscores and leading numbers.	). Aceita acentos, sublinhados e números no início.
• GIF, MP4 y WebM aceptados. Máx ~50 MB.	• GIF, MP4 and WebM accepted. Max ~50 MB.	• GIF, MP4 e WebM aceitos. Máx ~50 MB.
→ usa "Normal".	→ use "Normal".	→ use "Normal".
→ usa "Screen".	→ use "Screen".	→ use "Screen".
↑ Aprox cómo se verá durante la transmisión OBS. Si la cabeza queda muy abajo o se ve mucho cuerpo, usa los controles de Zoom/Mover de arriba.	↑ Roughly how it will look during the OBS broadcast. If the head is too low or too much body shows, use the Zoom/Move controls above.	↑ Aproximadamente como vai aparecer na transmissão OBS. Se a cabeça ficar muito baixa ou aparecer muito corpo, use os controles de Zoom/Mover acima.
Aceptar y publicar	Accept and publish	Aceitar e publicar
Ahora es "	It is now "	Agora é "
AJUSTAR GIF — ZOOM · POSICIÓN · RECORTE	ADJUST GIF — ZOOM · POSITION · CROP	AJUSTAR GIF — ZOOM · POSIÇÃO · CORTE
AJUSTAR IMAGEN	ADJUST IMAGE	AJUSTAR IMAGEM
Ajustes guardados	Settings saved	Ajustes salvos
ambiguo — revisa	ambiguous — check	ambíguo — revise
archivo(s)	file(s)	arquivo(s)
Atleta de la nómina	Nomination athlete	Atleta da nominata
atleta(s) con foto pendiente de inscripción	athlete(s) with a pending registration photo	atleta(s) com foto pendente de inscrição
atleta(s) quedaron sin club	athlete(s) were left without a club	atleta(s) ficaram sem clube
atleta(s) van a quedar sin club.	athlete(s) will be left without a club.	atleta(s) vão ficar sem clube.
atleta(s), fallaron	athlete(s), failed	atleta(s), falharam
Borrando...	Deleting...	Excluindo...
Borrar foto	Delete photo	Excluir foto
Borrar GIF	Delete GIF	Excluir GIF
Buena iluminación, sin sombras fuertes	Good lighting, no harsh shadows	Boa iluminação, sem sombras fortes
Buscar por nombre, RUT o código...	Search by name, RUT or code...	Buscar por nome, RUT ou código...
CARGADO	LOADED	CARREGADO
Cargando duración...	Loading duration...	Carregando duração...
Cargando imagen...	Loading image...	Carregando imagem...
Cargando inscripciones…	Loading registrations…	Carregando inscrições…
Cargando módulo de procesamiento (~30 MB la primera vez)...	Loading processing module (~30 MB the first time)...	Carregando módulo de processamento (~30 MB na primeira vez)...
Cargando módulo IA (~30 MB la primera vez)...	Loading AI module (~30 MB the first time)...	Carregando módulo de IA (~30 MB na primeira vez)...
Cargando video...	Loading video...	Carregando vídeo...
Click para procesar individualmente	Click to process individually	Clique para processar individualmente
Click para seleccionar	Click to select	Clique para selecionar
Club "	Club "	Clube "
Club eliminado en	Club removed from	Clube excluído em
clubes · la lista sale de los atletas: un club figura mientras alguien lo tenga puesto	clubs · the list comes from the athletes: a club is listed while someone has it set	clubes · a lista sai dos atletas: um clube aparece enquanto alguém o tiver
Confirma de nuevo.	Confirm again.	Confirme de novo.
confirmadas —	confirmed —	confirmadas —
confirmadas,	confirmed,	confirmadas,
Confirmando	Confirming	Confirmando
Confirmando...	Confirming...	Confirmando...
Conversión completada:	Conversion completed:	Conversão concluída:
convertidas,	converted,	convertidas,
convertidos,	converted,	convertidos,
Convirtiendo	Converting	Convertendo
Cualquier fondo (el sistema lo quita automáticamente)	Any background (the system removes it automatically)	Qualquer fundo (o sistema o remove automaticamente)
CUIDADO: ya hay un club llamado "	CAREFUL: there is already a club called "	CUIDADO: já existe um clube chamado "
DEBUT	DEBUT	ESTREIA
Descargando foto de inscripción...	Downloading registration photo...	Baixando foto da inscrição...
Descargando foto del atleta...	Downloading athlete photo...	Baixando foto do atleta...
Documentos:	Documents:	Documentos:
Duración:	Duration:	Duração:
El atleta subió esta foto al inscribirse.	The athlete uploaded this photo when registering.	O atleta enviou esta foto ao se inscrever.
El atleta volvió a subir foto al inscribirse.	The athlete uploaded a photo again when registering.	O atleta enviou foto de novo ao se inscrever.
El club desaparece de la lista porque ya no lo tiene nadie. ¿Seguir?	The club disappears from the list because nobody has it anymore. Continue?	O clube some da lista porque ninguém mais o tem. Continuar?
El procesamiento toma ~10-30 segundos según el tamaño	Processing takes ~10-30 seconds depending on size	O processamento leva ~10-30 segundos conforme o tamanho
Elegir archivos	Choose files	Escolher arquivos
Elegir carpeta	Choose folder	Escolher pasta
Elegir foto (quitar fondo)	Choose photo (remove background)	Escolher foto (remover fundo)
Elegir GIF / Video	Choose GIF / Video	Escolher GIF / Vídeo
Elige la carpeta con las fotos. Se convierten a	Choose the folder with the photos. They are converted to	Escolha a pasta com as fotos. São convertidas para
Eliminar el club "	Delete the club "	Excluir o clube "
en tu navegador antes de subir (pesan ~80% menos) y se emparejan solas con la nómina por el nombre del archivo. No hace falta ZIP ni Drive: van directo de tu PC a Firebase.	in your browser before uploading (~80% lighter) and are matched to the nomination by file name. No ZIP or Drive needed: they go straight from your PC to Firebase.	no seu navegador antes de enviar (~80% mais leves) e são pareadas sozinhas com a nominata pelo nome do arquivo. Não precisa de ZIP nem Drive: vão direto do seu PC para o Firebase.
Ensamblando video transparente...	Assembling transparent video...	Montando vídeo transparente...
entrenador(es)	coach(es)	treinador(es)
error al guardar	error saving	erro ao salvar
Error cargando imagen:	Error loading image:	Erro ao carregar imagem:
Error guardando ajustes:	Error saving settings:	Erro ao salvar ajustes:
Error procesando:	Error processing:	Erro ao processar:
Error rechazando:	Error rejecting:	Erro ao rejeitar:
Escribe algo arriba para buscar atletas (mín. 1 letra)	Type something above to search athletes (min. 1 letter)	Digite algo acima para buscar atletas (mín. 1 letra)
Esta lista puede estar desactualizada	This list may be out of date	Esta lista pode estar desatualizada
Estas fotos las subieron los atletas al inscribirse. Marca las que quieres confirmar y usa el botón, o haz click en una para procesarla individualmente (quitar fondo, recortar, etc).	These photos were uploaded by athletes when registering. Tick the ones you want to confirm and use the button, or click one to process it individually (remove background, crop, etc).	Estas fotos foram enviadas pelos atletas ao se inscrever. Marque as que quer confirmar e use o botão, ou clique em uma para processá-la individualmente (remover fundo, cortar etc).
exactos ·	exact ·	exatos ·
ficha(s) actualizada(s)	record(s) updated	ficha(s) atualizada(s)
Fondo eliminado y guardado. Blend cambiado a Normal (alpha).	Background removed and saved. Blend changed to Normal (alpha).	Fundo removido e salvo. Mistura alterada para Normal (alpha).
fondo negro	black background	fundo preto
FOTO ACTUAL	CURRENT PHOTO	FOTO ATUAL
Foto borrada	Photo deleted	Foto excluída
Foto de cara o medio cuerpo, mirando al frente	Face or half-body photo, looking forward	Foto do rosto ou meio corpo, olhando para a frente
Foto guardada y publicada	Photo saved and published	Foto salva e publicada
FOTO NUEVA PENDIENTE DE REVISIÓN	NEW PHOTO PENDING REVIEW	FOTO NOVA PENDENTE DE REVISÃO
FOTO PENDIENTE DE REVISIÓN	PHOTO PENDING REVIEW	FOTO PENDENTE DE REVISÃO
Foto rechazada (no se publicó)	Photo rejected (not published)	Foto rejeitada (não publicada)
foto(s) subidas	photo(s) uploaded	foto(s) enviadas
foto(s) tal cual las mandaron los atletas (sin quitar fondo)? Se publican al instante en sus perfiles.	photo(s) as the athletes sent them (without removing the background)? They are published instantly on their profiles.	foto(s) tal como os atletas as mandaram (sem remover o fundo)? São publicadas na hora em seus perfis.
foto(s). Las chilenas con perfil también se cargan en su perfil. ¿Continuar?	photo(s). Chilean athletes with a profile also get it on their profile. Continue?	foto(s). As chilenas com perfil também são carregadas no perfil. Continuar?
fotos confirmadas	photos confirmed	fotos confirmadas
fotos de atletas	athlete photos	fotos de atletas
Fotos de Atletas	Athlete Photos	Fotos de Atletas
FOTOS SUDAMERICANO 2026	SOUTH AMERICAN 2026 PHOTOS	FOTOS SUL-AMERICANO 2026
GIF / VIDEO DE PERFIL TX	TX PROFILE GIF / VIDEO	GIF / VÍDEO DO PERFIL TX
GIF eliminado	GIF deleted	GIF excluído
GIF guardado y publicado	GIF saved and published	GIF salvo e publicado
GUARDAR AJUSTES	SAVE SETTINGS	SALVAR AJUSTES
Ideal: que el archivo se llame como el atleta (ej.	Ideally the file is named like the athlete (e.g.	O ideal é que o arquivo tenha o nome do atleta (ex.:
Idealmente vertical (formato 3:4) o cuadrada	Ideally portrait (3:4) or square	De preferência vertical (3:4) ou quadrada
Importar tal cual (con fondo)	Import as is (with background)	Importar tal qual (com fundo)
Importar y quitar fondo	Import and remove background	Importar e remover fundo
Iniciando…	Starting…	Iniciando…
La confirmación masiva publica la foto tal cual la mandó el atleta (sin quitar el fondo). Para procesar con fondo blanco IPF, hazlo una por una haciendo click en la tarjeta.	Bulk confirmation publishes the photo as the athlete sent it (without removing the background). To process with the IPF white background, do it one by one by clicking the card.	A confirmação em massa publica a foto tal como o atleta a mandou (sem remover o fundo). Para processar com fundo branco IPF, faça uma por uma clicando no cartão.
Las fotos se leyeron de la copia guardada en este navegador, no del servidor:	The photos were read from the copy saved in this browser, not from the server:	As fotos foram lidas da cópia salva neste navegador, não do servidor:
le vacía el club a sus atletas — perfiles y resultados quedan intactos	empties the club of its athletes — profiles and results remain intact	esvazia o clube de seus atletas — perfis e resultados ficam intactos
Lista para subir (foto del atleta, sin modificar).	Ready to upload (athlete photo, unmodified).	Pronta para enviar (foto do atleta, sem modificar).
Lista para subir (foto sin modificar).	Ready to upload (unmodified photo).	Pronta para enviar (foto sem modificar).
Lista. Ajusta la posición/zoom si hace falta y guarda.	Ready. Adjust position/zoom if needed and save.	Pronta. Ajuste a posição/zoom se necessário e salve.
logos de campeonatos	championship logos	logos de campeonatos
logos de clubes	club logos	logos de clubes
MEZCLA DE FONDO	BACKGROUND BLEND	MISTURA DE FUNDO
Mover	Move	Mover
Multiply — fondo blanco se vuelve transparente	Multiply — white background becomes transparent	Multiply — fundo branco fica transparente
NO está publicada todavía	is NOT published yet	NÃO está publicada ainda
No hay foto de inscripción pendiente	No pending registration photo	Não há foto de inscrição pendente
No hay fotos emparejadas para subir	No matched photos to upload	Não há fotos pareadas para enviar
No hay GIF cargado para este atleta.	No GIF uploaded for this athlete.	Não há GIF carregado para este atleta.
No se encontraron imágenes en la selección	No images found in the selection	Não foram encontradas imagens na seleção
No se pudieron confirmar	Could not be confirmed	Não foi possível confirmar
No se pudo cargar la imagen (revisar CORS o URL)	Could not load the image (check CORS or URL)	Não foi possível carregar a imagem (verificar CORS ou URL)
No se pudo convertir la imagen	Could not convert the image	Não foi possível converter a imagem
No se pudo leer nomina_sudamericano.json	Could not read nomina_sudamericano.json	Não foi possível ler nomina_sudamericano.json
Nombre del club Se le cambia a todos sus atletas y entrenadores.	Club name It is changed for all its athletes and coaches.	Nome do clube Muda para todos os seus atletas e treinadores.
Normal — sin mezcla (WebM con alpha)	Normal — no blending (WebM with alpha)	Normal — sem mistura (WebM com alpha)
NUEVA	NEW	NOVA
NUEVA · reemplaza	NEW · replaces	NOVA · substitui
Ocultar	Hide	Ocultar
omitidas,	skipped,	omitidas,
omitidos (PDF/ya webp),	skipped (PDF/already webp),	omitidos (PDF/já webp),
Opción 1 (fácil)	Option 1 (easy)	Opção 1 (fácil)
Opción 2 (pro)	Option 2 (pro)	Opção 2 (pro)
Para que el fondo desaparezca:	To make the background disappear:	Para o fundo desaparecer:
Para revertirlo hay que volver a asignárselo uno por uno.	To revert it you have to assign it again one by one.	Para reverter é preciso atribuí-lo de novo um por um.
Perfiles, resultados y récords quedan igual. ¿Seguir?	Profiles, results and records stay the same. Continue?	Perfis, resultados e recordes ficam iguais. Continuar?
Peso	Weight	Peso
PREVIEW (con fondo blanco — ajusta si hace falta)	PREVIEW (with white background — adjust if needed)	PRÉVIA (com fundo branco — ajuste se necessário)
PREVIEW ACTUAL	CURRENT PREVIEW	PRÉVIA ATUAL
Procesando foto (quitando fondo)... esto puede tomar 10-30s	Processing photo (removing background)... this may take 10-30s	Processando foto (removendo fundo)... isto pode levar 10-30s
puede aparecer como pendiente alguna que ya confirmaste. Recarga la página antes de confirmar.	some you already confirmed may appear as pending. Reload the page before confirming.	pode aparecer como pendente alguma que você já confirmou. Recarregue a página antes de confirmar.
Quitando fondo: frame	Removing background: frame	Removendo fundo: frame
Quitando fondo...	Removing background...	Removendo fundo...
quitar el fondo	remove the background	remover o fundo
Recargar	Reload	Recarregar
Rechazando foto...	Rejecting photo...	Rejeitando foto...
Rechazar foto	Reject photo	Rejeitar foto
RECOMENDACIONES PARA LA FOTO	PHOTO RECOMMENDATIONS	RECOMENDAÇÕES PARA A FOTO
RECORTE	CROP	CORTE
Renombrado en	Renamed in	Renomeado em
Renombrar	Rename	Renomear
Renombrar "	Rename "	Renomear "
Revísala y decide:	Review it and decide:	Revise e decida:
Rotación:	Rotation:	Rotação:
s seleccionados)	s selected)	s selecionados)
Screen — fondo negro se vuelve transparente	Screen — black background becomes transparent	Screen — fundo preto fica transparente
Se le cambia el club a	The club is changed for	Muda-se o clube de
Se le va a VACIAR el club a	The club will be EMPTIED for	Será ESVAZIADO o clube de
Se van a convertir a WebP y subir	They will be converted to WebP and uploaded	Serão convertidas para WebP e enviadas
Seleccionar todas	Select all	Selecionar todas
Si la aceptás, reemplaza a la que tiene publicada	If you accept it, it replaces the published one	Se você aceitar, substitui a que está publicada
Sin foto cargada	No photo uploaded	Sem foto carregada
Sin GIF cargado	No GIF uploaded	Sem GIF carregado
sin match	no match	sem correspondência
Sin permiso — inicia sesión como admin y reintenta	No permission — log in as admin and retry	Sem permissão — entre como admin e tente de novo
Sin procesar (tal cual)	Unprocessed (as is)	Sem processar (tal qual)
Sin resultados para "	No results for "	Sem resultados para "
Sube el GIF primero antes de procesar.	Upload the GIF first before processing.	Envie o GIF primeiro antes de processar.
Sube fotos de atletas. Puedes	Upload athlete photos. You can	Envie fotos de atletas. Você pode
Sube la foto del atleta tal cual, sin quitarle el fondo	Upload the athlete photo as is, without removing the background	Envie a foto do atleta tal qual, sem remover o fundo
Sube la foto tal cual, sin modificar. Ideal para fotos con fondo negro o diseño propio.	Upload the photo as is, unmodified. Ideal for photos with a black background or custom design.	Envie a foto tal qual, sem modificar. Ideal para fotos com fundo preto ou design próprio.
Subiendo a Storage...	Uploading to Storage...	Enviando ao Storage...
Subiendo GIF...	Uploading GIF...	Enviando GIF...
Subiendo video procesado...	Uploading processed video...	Enviando vídeo processado...
SUBIR NUEVA FOTO	UPLOAD NEW PHOTO	ENVIAR NOVA FOTO
SUBIR NUEVO	UPLOAD NEW	ENVIAR NOVO
Subir o reemplazar logo	Upload or replace logo	Enviar ou substituir logo
Sus perfiles, resultados y récords NO se tocan: siguen igual, solo quedan sin club.	Their profiles, results and records are NOT touched: they stay the same, only without a club.	Seus perfis, resultados e recordes NÃO são alterados: continuam iguais, só ficam sem clube.
tal cual, con su fondo	as is, with its background	tal qual, com seu fundo
Tu cuenta no puede editar clubes	Your account cannot edit clubs	Sua conta não pode editar clubes
Ver atletas	See athletes	Ver atletas
Video corto (~3s) que aparece en el perfil durante la transmisión OBS. Se puede usar en lugar de la foto.	Short video (~3s) that appears on the profile during the OBS broadcast. Can be used instead of the photo.	Vídeo curto (~3s) que aparece no perfil durante a transmissão OBS. Pode ser usado no lugar da foto.
VISTA PREVIA EN TRANSMISIÓN	BROADCAST PREVIEW	PRÉVIA NA TRANSMISSÃO
WebM con canal Alpha	WebM with Alpha channel	WebM com canal Alpha
y, si las confirmás, reemplazan a la que tienen.	and, if you confirm them, they replace the one they have.	e, se você as confirmar, substituem a que têm.
ya tenían foto publicada y mandaron otra: van marcadas	already had a published photo and sent another: they are flagged	já tinham foto publicada e mandaram outra: vão marcadas
Archivo	File	Arquivo
Convertir documentos de inscripciones a WebP	Convert registration documents to WebP	Converter documentos de inscrições para WebP
Convertir fotos de atletas a WebP (reduce peso hasta 70%)	Convert athlete photos to WebP (reduces size up to 70%)	Converter fotos de atletas para WebP (reduz o peso até 70%)
Guardando...	Saving...	Salvando...
Procesando...	Processing...	Processando...
— eso lo define la comisión técnica.	— that is defined by the technical commission.	— isso é definido pela comissão técnica.
— Sin modalidad —	— No event —	— Sem modalidade —
— ya visible en atleta.html	— now visible at atleta.html	— já visível em atleta.html
¿Incorporar	Add	Incorporar
. Confirmar con el carnet.	. Confirm with the ID card.	. Confirmar com a identidade.
. Toca el	. Tap the	. Toque no
· club de su ficha:	· club in their profile:	· clube da sua ficha:
(nuevo archivo)	(new file)	(novo arquivo)
(sin fecha)	(no date)	(sem data)
↗ ABRIR	↗ OPEN	↗ ABRIR
↺ A revisión	↺ Back to review	↺ Para revisão
+ Agregar inscripción	+ Add registration	+ Adicionar inscrição
Aceptadas	Accepted	Aceitas
Aceptar	Accept	Aceitar
Aceptar · dejar en revisión · rechazar (puedes mover una en cualquier dirección)	Accept · leave in review · reject (you can move one in any direction)	Aceitar · deixar em revisão · rejeitar (você pode mover uma em qualquer direção)
agregado a	added to	adicionado a
AGREGAR DOCUMENTO	ADD DOCUMENT	ADICIONAR DOCUMENTO
AGREGAR INSCRIPCIÓN	ADD REGISTRATION	ADICIONAR INSCRIÇÃO
APROBAR	APPROVE	APROVAR
atletas).	athletes).	atletas).
atletas). El sitio lo sirve automáticamente.	athletes). The site serves it automatically.	atletas). O site o serve automaticamente.
Buscar atleta (nombre o código)	Search athlete (name or code)	Buscar atleta (nome ou código)
Buscar por nombre, RUT, club o evento…	Search by name, RUT, club or event…	Buscar por nome, RUT, clube ou evento…
Cambiar	Change	Mudar
Cambios propuestos	Proposed changes	Alterações propostas
Campeonato…	Championship…	Campeonato…
Campeonatos guardados:	Championships saved:	Campeonatos salvos:
Categoría (kg)	Category (kg)	Categoria (kg)
COMPITIÓ EN	COMPETED IN	COMPETIU EM
Compitió en el Campeonato Nacional — entra en la lista de priorización	Competed at the National Championship — goes on the priority list	Competiu no Campeonato Nacional — entra na lista de priorização
Contando	Counting	Contando
Copia el correo con Ctrl+C:	Copy the email with Ctrl+C:	Copie o e-mail com Ctrl+C:
Correo copiado:	Email copied:	E-mail copiado:
CSV OPL exportado —	OPL CSV exported —	CSV OPL exportado —
cuentan para el control	count for the check	contam para o controle
de estas inscripciones	of these registrations	destas inscrições
de la nómina?	from the nomination?	da nominata?
debutante(s) al data.json?	debutant(s) to data.json?	estreante(s) ao data.json?
debutante(s) incorporados.	debutant(s) added.	estreante(s) incorporados.
debutante(s) incorporados. Sube el archivo al servidor.	debutant(s) added. Upload the file to the server.	estreante(s) incorporados. Envie o arquivo ao servidor.
Declaró ser mayor de edad y no subió el consentimiento del tutor — la fecha que teníamos era	Declared being of age and did not upload the guardian's consent — the date we had was	Declarou ser maior de idade e não enviou o consentimento do responsável — a data que tínhamos era
Documento guardado	Document saved	Documento salvo
DOCUMENTOS DE INSCRIPCIÓN	REGISTRATION DOCUMENTS	DOCUMENTOS DE INSCRIÇÃO
ej: 69 o -69	e.g.: 69 or -69	ex.: 69 ou -69
ej: Universidad de Chile	e.g.: University of Chile	ex.: Universidade do Chile
elegidos a mano	chosen by hand	escolhidos à mão
Elegir cuáles	Choose which	Escolher quais
eliminado de nómina	removed from nomination	excluído da nominata
En revisión	Under review	Em revisão
enviado:	sent:	enviado:
Error al subir a Storage:	Error uploading to Storage:	Erro ao enviar ao Storage:
es de un atleta que ya compitió	belongs to an athlete who already competed	é de um atleta que já competiu
Ese atleta no tiene RUT en el padrón	That athlete has no RUT in the register	Esse atleta não tem RUT no cadastro
Esta inscripción no tiene RUT	This registration has no RUT	Esta inscrição não tem RUT
Esta inscripción no tiene RUT — no se puede crear el perfil	This registration has no RUT — the profile cannot be created	Esta inscrição não tem RUT — não é possível criar o perfil
Este atleta no tiene documentos subidos.	This athlete has no uploaded documents.	Este atleta não tem documentos enviados.
Esto reordenará la nómina (hombres por categoría, luego mujeres). ¿Continuar?	This will reorder the nomination (men by category, then women). Continue?	Isto reordenará a nominata (homens por categoria, depois mulheres). Continuar?
Evento	Event	Evento
Evento:	Event:	Evento:
Falta el campeonato o el atleta	Championship or athlete missing	Falta o campeonato ou o atleta
Fecha de nacimiento	Date of birth	Data de nascimento
INSCRIBIR	REGISTER	INSCREVER
Inscribir atleta manualmente	Register athlete manually	Inscrever atleta manualmente
Inscripción no encontrada	Registration not found	Inscrição não encontrada
inscrito/a en	registered in	inscrito/a em
Marca los campeonatos que gastan cupo. Sirve para cuando el circuito no calza con el año calendario, o cuando algún torneo no debe contar. Si no se guarda nada, se usan los del año en curso.	Tick the championships that use up places. Useful when the circuit does not match the calendar year, or when a meet should not count. If nothing is saved, those of the current year are used.	Marque os campeonatos que gastam vaga. Serve para quando o circuito não coincide com o ano civil, ou quando algum torneio não deve contar. Se nada for salvo, usam-se os do ano em curso.
No dice en qué punto cae este atleta	It does not say where this athlete falls	Não diz em que ponto este atleta se encaixa
No hay datos cargados	No data loaded	Não há dados carregados
No hay debutantes pendientes	No pending debutants	Não há estreantes pendentes
No hay inscripciones en este estado	No registrations in this status	Não há inscrições neste estado
No hay solicitudes pendientes	No pending requests	Não há solicitações pendentes
Nómina ordenada:	Nomination sorted:	Nominata ordenada:
ORDEN DE PRIORIDAD SI FALTAN CUPOS · ANEXO 3	PRIORITY ORDER IF PLACES RUN OUT · ANNEX 3	ORDEM DE PRIORIDADE SE FALTAREM VAGAS · ANEXO 3
Para un atleta que compite pero no alcanzó a inscribirse. Queda aceptada.	For an athlete who competes but did not manage to register. It is accepted.	Para um atleta que compete mas não chegou a se inscrever. Fica aceita.
para ver dónde.	to see where.	para ver onde.
Perfil creado para	Profile created for	Perfil criado para
Publicar data.json al sitio	Publish data.json to the site	Publicar data.json no site
Rechazadas	Rejected	Rejeitadas
RECHAZAR	REJECT	REJEITAR
REEMPLAZAR	REPLACE	SUBSTITUIR
Sale de los resultados ya cargados en YourLift. Un campeonato que no se cerró desde acá no aparece.	It comes from the results already loaded in YourLift. A championship not closed from here does not appear.	Sai dos resultados já carregados no YourLift. Um campeonato que não foi encerrado daqui não aparece.
Se inscribió con el aviso a la vista: ya tenía	Registered with the warning in view: already had	Inscreveu-se com o aviso à vista: já tinha
Se inscribió pero no hay resultado suyo: no compitió	Registered but there is no result: did not compete	Inscreveu-se mas não há resultado seu: não competiu
Se publicará automáticamente en el sitio.	It will be published to the site automatically.	Será publicado no site automaticamente.
Selecciona un evento primero	Select an event first	Selecione um evento primeiro
sin cambios	no changes	sem alterações
Sin competencias registradas este año	No competitions recorded this year	Sem competições registradas este ano
sin competir	did not compete	sem competir
sin decidir	undecided	sem decidir
Sin inscripciones aprobadas para exportar	No approved registrations to export	Sem inscrições aprovadas para exportar
sin privado	no private data	sem privado
Sin resultados en el padrón.	No results in the register.	Sem resultados no cadastro.
Sin resultados para la búsqueda	No results for the search	Sem resultados para a busca
Solicitudes de edición	Edit requests	Solicitações de edição
solicitudes pendientes · el PIN se valida contra inscripciones_private	pending requests · the PIN is validated against inscripciones_private	solicitações pendentes · o PIN é validado contra inscripciones_private
Solo el Owner puede descargar data.json	Only the Owner can download data.json	Só o Owner pode baixar data.json
Solo el Owner puede publicar data.json	Only the Owner can publish data.json	Só o Owner pode publicar data.json
Solo el Owner puede sincronizar	Only the Owner can sync	Só o Owner pode sincronizar
solo inscrito	registered only	só inscrito
solo inscrito — sin resultado	registered only — no result	só inscrito — sem resultado
son de atletas que ya compitieron	belong to athletes who already competed	são de atletas que já competiram
Subiendo archivo nuevo…	Uploading new file…	Enviando arquivo novo…
SUBIR ARCHIVO	UPLOAD FILE	ENVIAR ARQUIVO
Texto literal del Compendio de Normas de Clasificación FECHIPO 2026.	Literal text of the FECHIPO 2026 Classification Rules Compendium.	Texto literal do Compêndio de Normas de Classificação FECHIPO 2026.
Tipo de documento desconocido:	Unknown document type:	Tipo de documento desconhecido:
Ver en qué compitió	See what they competed in	Ver em que competiu
Volver a "los del año en curso"	Back to "those of the current year"	Voltar a "os do ano em curso"
Ya existe un perfil para este RUT:	A profile already exists for this RUT:	Já existe um perfil para este RUT:
Ya existe una inscripción de "	A registration already exists for "	Já existe uma inscrição de "
ya tiene inscripción en ese campeonato	is already registered in that championship	já tem inscrição nesse campeonato
Revisión inscripciones	Registration review	Revisão de inscrições
Femenino	Female	Feminino
Masculino	Male	Masculino
Compitió	Competed	Competiu
Si ya compitió este año, según los resultados cargados en YourLift	Whether they already competed this year, according to the results loaded in YourLift	Se já competiu este ano, segundo os resultados carregados no YourLift
Carnet de Identidad	National ID card	Documento de identidade
Fecha	Date	Data
← Volver al sitio	← Back to the site	← Voltar ao site
Abre el livecast para transmitir	Opens the livecast to broadcast	Abre o livecast para transmitir
Abre el livecast: campeonatos publicados y los de prueba	Opens the livecast: published and test championships	Abre o livecast: campeonatos publicados e de teste
Abrir YourLift	Open YourLift	Abrir YourLift
admin@ejemplo.cl	admin@example.com	admin@exemplo.com
Atletas (DB)	Athletes (DB)	Atletas (BD)
Base Entrenadores	Coaches Database	Base de Treinadores
Cargando datos...	Loading data...	Carregando dados...
Clubes	Clubs	Clubes
Datos	Data	Dados
DESHACER	UNDO	DESFAZER
Editor publicaciones	Posts editor	Editor de publicações
Escribe o selecciona un club	Type or select a club	Digite ou selecione um clube
Formularios Entrenadores	Coach Forms	Formulários de Treinadores
Gestión Admin	Admin Management	Gestão Admin
GUARDAR	SAVE	SALVAR
Inscripción Entrenadores	Coach Registration	Inscrição de Treinadores
Panel de administración	Administration panel	Painel de administração
Resultados Pendientes	Pending Results	Resultados Pendentes
Sistema	System	Sistema
Solicitudes edit	Edit requests	Solicitações de edição
Tarjetas de Nóminas	Nomination Cards	Cartões de Nominatas
Volver al sitio	Back to the site	Voltar ao site
Jueces	Referees	Árbitros
Medallero	Medal table	Quadro de medalhas
Reinicio ranking	Ranking reset	Reinício do ranking
INGRESAR	LOG IN	ENTRAR
Portada	Cover	Capa
YourLift Público	Public YourLift	YourLift Público
(Firestore → Reglas → Publicar) y volver a importar.	(Firestore → Rules → Publish) and import again.	(Firestore → Regras → Publicar) e importar de novo.
(Firestore → Reglas → Publicar).	(Firestore → Rules → Publish).	(Firestore → Regras → Publicar).
(los primeros 12 de	(the first 12 of	(os primeiros 12 de
(su ficha no tiene RUT)	(their profile has no RUT)	(sua ficha não tem RUT)
↓ Importar planilla FECHIPO	↓ Import FECHIPO spreadsheet	↓ Importar planilha FECHIPO
+ Agregar juez	+ Add referee	+ Adicionar árbitro
A los que entran se les toma el RUT de su ficha del padrón. ¿Seguir?	Those who come in take the RUT from their register profile. Continue?	Os que entram pegam o RUT da sua ficha do cadastro. Continuar?
Así se va a ver en su ficha:	This is how it will look on their profile:	Assim vai aparecer na sua ficha:
Base propia, aparte de las cuentas que marcan las luces · la corbata dice la categoría · la foto es la de uniforme, no la de competencia	Separate database, apart from the accounts that mark lights · the tie shows the category · the photo is the uniform one, not the competition one	Base própria, à parte das contas que marcam as luzes · a gravata indica a categoria · a foto é a de uniforme, não a de competição
Buscar nombre o RUT…	Search name or RUT…	Buscar nome ou RUT…
Categoría 1	Category 1	Categoria 1
Categoría 2	Category 2	Categoria 2
Convirtiendo y subiendo…	Converting and uploading…	Convertendo e enviando…
de la base de jueces? Su ficha de atleta, si la tiene, no se toca.	from the referees database? Their athlete profile, if any, is not touched.	da base de árbitros? Sua ficha de atleta, se tiver, não é alterada.
del repositorio y hay que publicarla en la consola de Firebase	from the repository and must be published in the Firebase console	do repositório e é preciso publicá-la no console do Firebase
EDITAR JUEZ	EDIT REFEREE	EDITAR ÁRBITRO
Error tal cual:	Raw error:	Erro tal qual:
escrituras por permisos.	writes due to permissions.	gravações por permissões.
Estos	These	Estes
Falta el nombre o el RUT	Name or RUT missing	Falta o nome ou o RUT
Firestore no deja leer esta base.	Firestore does not allow reading this database.	O Firestore não deixa ler esta base.
Foto subida	Photo uploaded	Foto enviada
hay que agregarlos a mano, con su RUT:	must be added by hand, with their RUT:	é preciso adicioná-los à mão, com seu RUT:
Importar la planilla de FECHIPO	Import the FECHIPO spreadsheet	Importar a planilha da FECHIPO
Insignia	Badge	Insígnia
Internacional (IPF)	International (IPF)	Internacional (IPF)
jueces en la planilla.	referees in the spreadsheet.	árbitros na planilha.
Juez eliminado	Referee deleted	Árbitro excluído
Juez guardado:	Referee saved:	Árbitro salvo:
La colección	The collection	A coleção
La colección `referees` necesita su regla publicada. Está escrita en reglas/firestore.rules	The `referees` collection needs its rule published. It is written in reglas/firestore.rules	A coleção `referees` precisa de sua regra publicada. Está escrita em reglas/firestore.rules
La planilla vino vacía	The spreadsheet came empty	A planilha veio vazia
Lee la planilla de FECHIPO y propone a los que faltan	Reads the FECHIPO spreadsheet and proposes the missing ones	Lê a planilha da FECHIPO e propõe os que faltam
Nacional (FECHIPO)	National (FECHIPO)	Nacional (FECHIPO)
necesita su regla publicada: está en	needs its rule published: it is in	precisa de sua regra publicada: está em
no está en el padrón	is not in the register	não está no cadastro
No se agregó ninguno: Firestore rechazó las	None were added: Firestore rejected the	Nenhum foi adicionado: o Firestore rejeitou as
No se pudieron agregar	Could not be added	Não foi possível adicionar
No se pudo leer jueces_base.json:	Could not read jueces_base.json:	Não foi possível ler jueces_base.json:
NUEVO JUEZ	NEW REFEREE	NOVO ÁRBITRO
personas con ese nombre	people with that name	pessoas com esse nome
planilla FECHIPO	FECHIPO spreadsheet	planilha FECHIPO
Primero pon el RUT: la foto se guarda con ese nombre	Enter the RUT first: the photo is saved with that name	Primeiro coloque o RUT: a foto é salva com esse nome
quedan fuera: no se encontró a quién vincularlos o hay más de uno con ese nombre.	are left out: no one to link them to was found or there is more than one with that name.	ficam de fora: não se encontrou a quem vinculá-los ou há mais de um com esse nome.
Se agregaron	Added	Foram adicionados
Se convierte a WebP antes de subir	It is converted to WebP before uploading	É convertida para WebP antes de enviar
se pueden vincular con el padrón y se van a agregar.	can be linked with the register and will be added.	podem ser vinculados ao cadastro e serão adicionados.
Se van a vincular así	They will be linked like this	Serão vinculados assim
Si alguno está mal, cancela y lo agregas a mano. ¿Confirmas?	If any is wrong, cancel and add it by hand. Do you confirm?	Se algum estiver errado, cancele e adicione à mão. Confirma?
Sin jueces cargados todavía.	No referees loaded yet.	Ainda não há árbitros carregados.
Subir foto de uniforme	Upload uniform photo	Enviar foto de uniforme
ya estaban en la base.	were already in the database.	já estavam na base.
sin foto	no photo	sem foto
—una de mejor sentadilla y una de total se entregan a personas distintas y no pueden decir lo mismo.	—one for best squat and one for total go to different people and cannot say the same.	—uma de melhor agachamento e uma de total são entregues a pessoas diferentes e não podem dizer o mesmo.
: es el techo, porque quien no marque un total válido no sube al podio.	: it is the ceiling, because whoever does not post a valid total does not get on the podium.	: é o teto, porque quem não fizer um total válido não sobe ao pódio.
Alcance	Scope	Alcance
banca sola	bench only	só supino
Cada línea es lo que va grabado al reverso de una medalla. El orden es el de entrega:	Each line is what is engraved on the back of a medal. The order is the award order:	Cada linha é o que vai gravado no verso de uma medalha. A ordem é a da entrega:
Categoria	Category	Categoria
Categoría por categoría	Category by category	Categoria por categoria
dentro de cada categoría van primero, segundo y tercero. Las de movimiento dicen cuál es	within each category come first, second and third. The lift ones say which it is	dentro de cada categoria vão primeiro, segundo e terceiro. As de movimento dizem qual é
Descargar planilla	Download spreadsheet	Baixar planilha
El navegador bloqueó la ventana. Permití las ventanas emergentes.	The browser blocked the window. Allow pop-ups.	O navegador bloqueou a janela. Permita as janelas pop-up.
El overall se ordena por GL points, y el GL necesita el peso corporal, que existe recién después del pesaje. Acá va como cupo: tres medallas por cada overall marcado. Quiénes las ganan sale de livecast el día de la competencia.	The overall is ranked by GL points, and GL needs bodyweight, which exists only after weigh-in. Here it counts as a quota: three medals for each ticked overall. Who wins them comes from livecast on competition day.	O overall é ordenado por GL points, e o GL precisa do peso corporal, que só existe depois da pesagem. Aqui conta como cota: três medalhas por cada overall marcado. Quem as ganha sai do livecast no dia da competição.
el total es la misma marca que la banca, así que va una sola premiación. En categorías de menos de tres atletas se premia a los que haya. El conteo es sobre	the total is the same mark as the bench, so there is a single award. In categories with fewer than three athletes, those present are awarded. The count is over	o total é a mesma marca que o supino, então vai uma só premiação. Em categorias com menos de três atletas premiam-se os que houver. A contagem é sobre
En	In	Em
Esa nómina no tiene atletas con los filtros puestos	That nomination has no athletes with the current filters	Essa nominata não tem atletas com os filtros aplicados
Generado	Generated	Gerado
Generar documento (PDF)	Generate document (PDF)	Gerar documento (PDF)
Guardar como PDF	Save as PDF	Salvar como PDF
medallas · una línea por medalla	medals · one line per medal	medalhas · uma linha por medalha
Medallas en total	Medals in total	Medalhas no total
Medallero ·	Medal table ·	Quadro de medalhas ·
Mejor Hombre	Best Man	Melhor Homem
Mejor Mujer	Best Woman	Melhor Mulher
No hay medallas con los filtros puestos	No medals with the current filters	Não há medalhas com os filtros aplicados
NÓMINA	NOMINATION	NOMINATA
OVERALL · cuáles agregar	OVERALL · which to add	OVERALL · quais adicionar
Planilla descargada ·	Spreadsheet downloaded ·	Planilha baixada ·
Por división	By division	Por divisão
Por premio	By award	Por prêmio
Premios	Awards	Prêmios
Qué medallas hay que preparar para una nómina: cuántas, de qué metal y a qué podio corresponde cada una. Se calcula sobre los inscritos, así que sirve para encargarlas y grabarlas antes del campeonato.	Which medals to prepare for a nomination: how many, of which metal and which podium each belongs to. It is calculated on the registrants, so it can be used to order and engrave them before the championship.	Quais medalhas preparar para uma nominata: quantas, de que metal e a qual pódio corresponde cada uma. É calculado sobre os inscritos, então serve para encomendá-las e gravá-las antes do campeonato.
QUÉ SE PREMIA	WHAT IS AWARDED	O QUE SE PREMIA
Solo las líneas del grabado, una por medalla, para pegar en el correo de la cotización	Only the engraving lines, one per medal, to paste in the quotation email	Só as linhas da gravação, uma por medalha, para colar no e-mail do orçamento
Sudamericano 2026 (nómina FESUPO)	South American 2026 (FESUPO nomination)	Sul-Americano 2026 (nominata FESUPO)
Texto de grabado	Engraving text	Texto de gravação
Texto de grabado ·	Engraving text ·	Texto de gravação ·
Texto para grabado	Text for engraving	Texto para gravação
Varones	Men	Homens
— Sin clasificar	— Unclassified	— Sem classificação
, o das de baja a alguien, sin tocar el archivo original. Los cambios se publican en yourlift.cl al tocar	, or withdraw someone, without touching the original file. Changes are published on yourlift.cl when you tap	, ou dá baixa em alguém, sem mexer no arquivo original. As alterações são publicadas em yourlift.cl ao tocar
¿Descartar las	Discard the	Descartar as
. Crea el evento desde el panel de Campeonatos.	. Create the event from the Championships panel.	. Crie o evento no painel de Campeonatos.
. Filtra por lista o busca el nombre para llegar más rápido.	. Filter by list or search the name to get there faster.	. Filtre por lista ou busque o nome para chegar mais rápido.
. Siempre puedes volver un dato a como venía.	. You can always return a value to how it came.	. Você sempre pode voltar um dado a como veio.
. Sin eso no puedes editar fecha/cierre/ubicación desde	. Without it you cannot edit date/closing/location from	. Sem isso não é possível editar data/fechamento/local em
⇅ ORDENAR	⇅ SORT	⇅ ORDENAR
Agregar documentos	Add documents	Adicionar documentos
atletas en evento seleccionado	athletes in selected event	atletas no evento selecionado
Buscar por nombre o país…	Search by name or country…	Buscar por nome ou país…
Cargando la nómina del Sudamericano…	Loading the South American nomination…	Carregando a nominata do Sul-Americano…
Cargando nóminas…	Loading nominations…	Carregando nominatas…
categoría, división, modalidad y lista	category, division, event and list	categoria, divisão, modalidade e lista
Clasif. Sud.	S.A. Qualif.	Classif. Sul.
Clasificación Sudamericano	South American Qualification	Classificação Sul-Americano
Clasificados	Qualified	Classificados
CÓMO SE VE CADA CAMPEONATO EN yourlift.cl	HOW EACH CHAMPIONSHIP LOOKS ON yourlift.cl	COMO CADA CAMPEONATO APARECE EM yourlift.cl
Comuna / Región	Municipality / Region	Comuna / Região
Convirtiendo a WebP y subiendo…	Converting to WebP and uploading…	Convertendo para WebP e enviando…
corrección(es) y dejar la nómina tal cual la mandó FESUPO? Se guarda al tocar Guardar.	correction(s) and leave the nomination as FESUPO sent it? It is saved when you tap Save.	correção(ões) e deixar a nominata tal como a FESUPO mandou? É salvo ao tocar em Salvar.
Correo que dejó el atleta al inscribirse. Solo lo ve el panel: no está en la lista pública.	Email the athlete left when registering. Only the panel sees it: it is not in the public list.	E-mail que o atleta deixou ao se inscrever. Só o painel vê: não está na lista pública.
Crear perfil de debutante	Create debutant profile	Criar perfil de estreante
DE BAJA	WITHDRAWN	DESISTENTE
Descargar Fotos (ZIP · JPG)	Download Photos (ZIP · JPG)	Baixar Fotos (ZIP · JPG)
Descartar todo	Discard all	Descartar tudo
Documentos subidos	Uploaded documents	Documentos enviados
Edita inscripciones ·	Edit registrations ·	Edita inscrições ·
Esta nómina no son inscripciones de YourLift: la manda FESUPO. Acá corregís	This nomination is not YourLift registrations: FESUPO sends it. Here you correct	Esta nominata não são inscrições do YourLift: quem manda é a FESUPO. Aqui você corrige
Fecha (ej. 20-27 sep 2026)	Date (e.g. Sep 20-27 2026)	Data (ex.: 20-27 set 2026)
Hay cambios sin guardar. Toca	There are unsaved changes. Tap	Há alterações sem salvar. Toque em
Inscribir atleta	Register athlete	Inscrever atleta
La foto, fecha, organizador y lugar que se ven en la tarjeta de cada campeonato en la pestaña Nóminas del sitio. Salen los campeonatos con inscripciones abiertas o cerradas — los archivados no. La foto se convierte a WebP automáticamente.	The photo, date, organiser and venue shown on each championship's card in the site's Nominations tab. Championships with open or closed registration appear — archived ones do not. The photo is converted to WebP automatically.	A foto, data, organizador e local que aparecem no cartão de cada campeonato na aba Nominatas do site. Aparecem os campeonatos com inscrições abertas ou fechadas — os arquivados não. A foto é convertida para WebP automaticamente.
Las inscripciones están en Firebase pero falta el doc de evento en	The registrations are in Firebase but the event doc is missing in	As inscrições estão no Firebase mas falta o doc do evento em
Lista	List	Lista
Lista de espera	Waiting list	Lista de espera
Lista espera	Waiting list	Lista espera
Marcas nominadas	Nominated totals	Marcas nominadas
No hay campeonatos con inscripciones abiertas o cerradas. Cuando publiques uno en Campeonatos, aparece acá.	No championships with open or closed registration. When you publish one in Championships, it appears here.	Não há campeonatos com inscrições abertas ou fechadas. Quando publicar um em Campeonatos, aparece aqui.
No hay correcciones para deshacer	No corrections to undo	Não há correções para desfazer
Nómina actualizada — se ve en yourlift.cl en unos minutos	Nomination updated — visible on yourlift.cl in a few minutes	Nominata atualizada — aparece em yourlift.cl em alguns minutos
Nómina oficial del Sudamericano (FESUPO) ·	Official South American nomination (FESUPO) ·	Nominata oficial do Sul-Americano (FESUPO) ·
para que se vean en el sitio.	so they show on the site.	para que apareçam no site.
Perfil	Profile	Perfil
Posición y marcas del Nacional 2026	Position and lifts at the 2026 Nationals	Posição e marcas do Nacional 2026
Reponer	Restore	Repor
Sacar de la nómina	Remove from the nomination	Tirar da nominata
Sin atletas en este evento	No athletes in this event	Sem atletas neste evento
Sin resultados con esos filtros	No results with those filters	Sem resultados com esses filtros
Subir foto	Upload photo	Enviar foto
Sudamericano 2026 — nómina FESUPO	South American 2026 — FESUPO nomination	Sul-Americano 2026 — nominata FESUPO
TARJETAS DE NÓMINAS	NOMINATION CARDS	CARTÕES DE NOMINATAS
Universidad del atleta (modalidad Universitario)	Athlete's university (University event)	Universidade do atleta (modalidade Universitário)
Ver las	See the	Ver as
Ver todos los documentos subidos	See all uploaded documents	Ver todos os documentos enviados
Volver a como lo mandó FESUPO	Back to how FESUPO sent it	Voltar a como a FESUPO mandou
Volver a la nómina	Back to the nomination	Voltar à nominata
ZIP con las fotos de perfil de todos los atletas inscritos, convertidas a JPG (formato que piden IPF/goodlift)	ZIP with the profile photos of all registered athletes, converted to JPG (the format IPF/goodlift requires)	ZIP com as fotos de perfil de todos os atletas inscritos, convertidas para JPG (formato que IPF/goodlift pedem)
ZIP con una carpeta por atleta (con su nombre) y adentro sus documentos subidos	ZIP with one folder per athlete (with their name) containing their uploaded documents	ZIP com uma pasta por atleta (com seu nome) e dentro seus documentos enviados
ZIP con una carpeta por atleta: foto fondo blanco (JPEG, garantizada) + Consentimiento IPF (PDF) + WADA (PDF). Para envíos a la federación internacional (ej. Sudamericano). Al final avisa qué atletas están incompletos.	ZIP with one folder per athlete: white-background photo (JPEG, guaranteed) + IPF Consent (PDF) + WADA (PDF). For submissions to the international federation (e.g. South American). At the end it reports which athletes are incomplete.	ZIP com uma pasta por atleta: foto fundo branco (JPEG, garantida) + Consentimento IPF (PDF) + WADA (PDF). Para envios à federação internacional (ex.: Sul-Americano). No final avisa quais atletas estão incompletos.
Zona	Zone	Zona
CLASIFICADO	QUALIFIED	CLASSIFICADO
Descargar Docs (ZIP)	Download Docs (ZIP)	Baixar Docs (ZIP)
Otro	Other	Outro
Paquete Internacional (ZIP)	International Package (ZIP)	Pacote Internacional (ZIP)
Organizador	Organiser	Organizador
ABRIL	APRIL	ABRIL
AGOSTO	AUGUST	AGOSTO
Atleta no encontrado en la base	Athlete not found in the database	Atleta não encontrado na base
CAMPEÓN	CHAMPION	CAMPEÃO
CAMPEONA	CHAMPION	CAMPEÃ
DICIEMBRE	DECEMBER	DEZEMBRO
ENERO	JANUARY	JANEIRO
Error generando PNG:	Error generating PNG:	Erro ao gerar PNG:
FEBRERO	FEBRUARY	FEVEREIRO
html2canvas no cargado	html2canvas not loaded	html2canvas não carregado
Imagen descargada	Image downloaded	Imagem baixada
JULIO	JULY	JULHO
JUNIO	JUNE	JUNHO
MARZO	MARCH	MARÇO
MAYO	MAY	MAIO
NOVIEMBRE	NOVEMBER	NOVEMBRO
OCTUBRE	OCTOBER	OUTUBRO
SEPTIEMBRE	SEPTEMBER	SETEMBRO
Descargar PNG	Download PNG	Baixar PNG
— de	— of	— de
— Elige un campeonato —	— Choose a championship —	— Escolha um campeonato —
— Solo el Owner puede descargar la base de datos raw	— Only the Owner can download the raw database	— Só o Owner pode baixar a base de dados bruta
, así que se está usando	, so it is using	, então está usando
, la última temporada con datos.	, the last season with data.	, a última temporada com dados.
: falta	: missing	: falta
. Lo anterior no aparece en el ranking, pero sigue guardado y visible en el perfil de cada atleta.	. Earlier results do not appear in the ranking, but remain stored and visible on each athlete's profile.	. O anterior não aparece no ranking, mas continua salvo e visível no perfil de cada atleta.
· dejan de aparecer	· no longer appear	· deixam de aparecer
· el corte queda en el	· the cut is at	· o corte fica em
· el ranking pasa a contar	· the ranking now counts	· o ranking passa a contar
· yourlift.cl · descargado el	· yourlift.cl · downloaded on	· yourlift.cl · baixado em
(el año en curso)	(the current year)	(o ano em curso)
(todos)	(all)	(todos)
). Adentro, cada modalidad, categoría y división por separado, con lugar, atleta, club, año de nacimiento, marcas, total y GL.	). Inside, each event, category and division separately, with place, athlete, club, birth year, lifts, total and GL.	). Dentro, cada modalidade, categoria e divisão separada, com posição, atleta, clube, ano de nascimento, marcas, total e GL.
% cambio	% change	% variação
% DEL GRUPO	% OF THE GROUP	% DO GRUPO
% por grupo	% per group	% por grupo
% retención	% retention	% retenção
+ Subir acta	+ Upload results sheet	+ Enviar ata
ABRIR UN CICLO NUEVO	START A NEW CYCLE	ABRIR UM CICLO NOVO
Acta subida	Results sheet uploaded	Ata enviada
Agrupar por categoría + división + modalidad	Group by category + division + event	Agrupar por categoria + divisão + modalidade
Agrupar solo por categoría de peso	Group by weight class only	Agrupar só por categoria de peso
Agrupar solo por división de edad	Group by age division only	Agrupar só por divisão de idade
Agrupar solo por modalidad	Group by event only	Agrupar só por modalidade
Ahora hay	Now there are	Agora há
AÑO DEBUT	DEBUT YEAR	ANO ESTREIA
AÑO NAC.	BIRTH YEAR	ANO NASC.
Armando	Building	Montando
ATÍPICOS	OUTLIERS	ATÍPICOS
atletas · Ordenados A-Z · Click en cualquier campo para editar	athletes · Sorted A-Z · Click any field to edit	atletas · Ordenados A-Z · Clique em qualquer campo para editar
Atletas (Base de Datos)	Athletes (Database)	Atletas (Banco de Dados)
atletas completos — revisa _INCOMPLETOS.txt dentro del ZIP	athletes complete — check _INCOMPLETOS.txt inside the ZIP	atletas completos — revise _INCOMPLETOS.txt dentro do ZIP
Atletas con documentos faltantes para el paquete internacional:	Athletes with missing documents for the international package:	Atletas com documentos faltantes para o pacote internacional:
atletas con foto + IPF + WADA	athletes with photo + IPF + WADA	atletas com foto + IPF + WADA
atletas distintos en	different athletes in	atletas diferentes em
atletas están guardados en privado. El data.json que se publica va sin ellos.	athletes are stored privately. The published data.json goes without them.	atletas estão salvos no privado. O data.json publicado vai sem eles.
atletas por grupo	athletes per group	atletas por grupo
atletas, sin RUT ni fechas) — Descargar	athletes, without RUT or dates) — Download	atletas, sem RUT nem datas) — Baixar
atletas)	athletes)	atletas)
Base Atletas	Athletes Database	Base de Atletas
BASE DE DATOS HISTÓRICA	HISTORICAL DATABASE	BASE DE DADOS HISTÓRICA
BP NAC.	NAT. BP	BP NAC.
Buscar nombre, club, código o RUT...	Search name, club, code or RUT...	Buscar nome, clube, código ou RUT...
Cada atleta aparece una sola vez, con su mejor marca.	Each athlete appears only once, with their best mark.	Cada atleta aparece uma só vez, com sua melhor marca.
Cada uno una sola vez, con su mejor marca del período	Each one only once, with their best mark of the period	Cada um uma só vez, com sua melhor marca do período
Calculado sobre la temporada	Calculated over the season	Calculado sobre a temporada
Cambio	Change	Variação
Campeonato que abre el ciclo	Championship that opens the cycle	Campeonato que abre o ciclo
campeonatos)	championships)	campeonatos)
cargando…	loading…	carregando…
CATEGORÍAS	CATEGORIES	CATEGORIAS
CLASIFICACIÓN SUDAMERICANO	SOUTH AMERICAN QUALIFICATION	CLASSIFICAÇÃO SUL-AMERICANO
CLASIFICAN	QUALIFY	CLASSIFICAM
CLASIFICARÍAN	WOULD QUALIFY	CLASSIFICARIAM
Classic, Equipado y Only Bench. Ojo con los promedios de modalidades con pocos resultados: la tabla de más abajo dice cuántos hay detrás de cada uno.	Classic, Equipped and Bench Only. Beware of averages for events with few results: the table below says how many are behind each one.	Classic, Equipado e Only Bench. Atenção às médias de modalidades com poucos resultados: a tabela mais abaixo diz quantos há por trás de cada uma.
Click para editar RUT	Click to edit RUT	Clique para editar RUT
Código	Code	Código
Código inválido — click para corregir	Invalid code — click to correct	Código inválido — clique para corrigir
CÓMO SE REPARTEN LOS GL	HOW GL IS DISTRIBUTED	COMO OS GL SE DISTRIBUEM
Competencias	Competitions	Competições
Comprimiendo...	Compressing...	Comprimindo...
Concentracion de Notas	Transcript of grades	Histórico escolar
Consentimiento IPF (error al descargar:	IPF Consent (download error:	Consentimento IPF (erro ao baixar:
Convierte las fotos de carnet, foto fondo blanco, etc. ya subidas por atletas. PDFs se omiten. Puede tardar varios minutos.	Converts the ID card, white-background photos, etc. already uploaded by athletes. PDFs are skipped. It may take several minutes.	Converte as fotos de identidade, foto fundo branco etc. já enviadas pelos atletas. PDFs são ignorados. Pode levar vários minutos.
Convierte las fotos ya subidas en Firebase Storage al formato WebP (atleta_fotos, logos). No cierre la página mientras se ejecuta.	Converts photos already uploaded to Firebase Storage to WebP (athlete photos, logos). Do not close the page while it runs.	Converte as fotos já enviadas ao Firebase Storage para WebP (fotos de atletas, logos). Não feche a página enquanto executa.
CORREO	EMAIL	E-MAIL
CORTE	CUT	CORTE
Corte exportado:	Cut exported:	Corte exportado:
Corte quitado — el ranking vuelve a estar completo	Cut removed — the ranking is complete again	Corte removido — o ranking volta a ficar completo
Cruce de las dos: en qué división se nota más la diferencia entre modalidades.	Cross of the two: in which division the difference between events shows most.	Cruzamento das duas: em qual divisão a diferença entre modalidades é mais notável.
Cuánta gente hay en cada tramo de 10 puntos, apilando hombres y mujeres.	How many people in each 10-point band, stacking men and women.	Quantas pessoas há em cada faixa de 10 pontos, empilhando homens e mulheres.
Cuentan en la columna de resultados y en el GL general, pero quedan fuera de las columnas de hombres y mujeres y de todas las comparativas por sexo — por eso las dos columnas no suman el total.	They count in the results column and in the general GL, but are left out of the men and women columns and all comparisons by sex — that is why the two columns do not add up to the total.	Contam na coluna de resultados e no GL geral, mas ficam fora das colunas de homens e mulheres e de todas as comparações por sexo — por isso as duas colunas não somam o total.
Cuentan los resultados publicados desde el	Results published since	Contam os resultados publicados desde
DATOS PERSONALES	PERSONAL DATA	DADOS PESSOAIS
Deja pasar a los mismos	Lets through the same	Deixa passar os mesmos
Dejar el mejor N%	Keep the best N%	Deixar os melhores N%
Dejar los N mejores	Keep the N best	Deixar os N melhores
del grupo más flojo al más fuerte	from the weakest group to the strongest	do grupo mais fraco ao mais forte
Descargado el	Downloaded on	Baixado em
Descargando	Downloading	Baixando
Descargar el ranking en Excel	Download the ranking in Excel	Baixar o ranking em Excel
Descargar Fotos (ZIP)	Download Photos (ZIP)	Baixar Fotos (ZIP)
Descargar respaldos de los datos	Download data backups	Baixar backups dos dados
Descargas disponibles	Available downloads	Downloads disponíveis
desde el panel de YourLift	from the YourLift panel	pelo painel do YourLift
desde el panel de YourLift. Solo los atletas con resultado publicado (en el Sudamericano, los chilenos).	from the YourLift panel. Only athletes with a published result (at the South American, the Chileans).	pelo painel do YourLift. Só os atletas com resultado publicado (no Sul-Americano, os chilenos).
Desde…	From…	Desde…
DESV.	SD	DESV.
DESVIACIÓN ESTÁNDAR	STANDARD DEVIATION	DESVIO PADRÃO
DIFERENCIA	DIFFERENCE	DIFERENÇA
división	division	divisão
DL NAC.	NAT. DL	DL NAC.
Documento borrado	Document deleted	Documento excluído
documento(s)	document(s)	documento(s)
documentos subidos	uploaded documents	documentos enviados
dos de cada tres, entre	two out of three, between	dois de cada três, entre
EL MÍNIMO DE CADA GRUPO	THE MINIMUM OF EACH GROUP	O MÍNIMO DE CADA GRUPO
El ranking muestra	The ranking shows	O ranking mostra
El ranking no cargó	The ranking did not load	O ranking não carregou
El ranking no tiene resultados	The ranking has no results	O ranking não tem resultados
El ranking parte desde	The ranking starts from	O ranking começa em
El RUT y la fecha de nacimiento de	The RUT and date of birth of	O RUT e a data de nascimento de
Elige primero el campeonato	Choose the championship first	Escolha primeiro o campeonato
En el sitio	On the site	No site
en total	in total	no total
en total, pero repartidos muy distinto: el grupo más numeroso quedaría con	in total, but distributed very differently: the largest group would have	no total, mas distribuídos de forma muito diferente: o grupo mais numeroso ficaria com
entradas)	entries)	entradas)
Entre paréntesis, cuántos resultados hay detrás de cada promedio: con tres o cuatro, el promedio no dice mucho.	In parentheses, how many results are behind each average: with three or four, the average says little.	Entre parênteses, quantos resultados há por trás de cada média: com três ou quatro, a média não diz muito.
Error al exportar el ranking:	Error exporting the ranking:	Erro ao exportar o ranking:
Error al exportar los resultados:	Error exporting the results:	Erro ao exportar os resultados:
Error al exportar:	Error exporting:	Erro ao exportar:
Error generando Excel:	Error generating Excel:	Erro ao gerar Excel:
es cuánto se aleja del promedio la gente de ese grupo: mientras más chica, más parejo está el nivel.	is how far people in that group are from the average: the smaller, the more even the level.	é o quanto as pessoas desse grupo se afastam da média: quanto menor, mais parelho o nível.
es el rango intercuartil, lo que ocupa la mitad del medio (de Q1 a Q3) — no lo mueven las marcas sueltas, ni arriba ni abajo. Con menos de una decena de resultados, ninguno de los dos dice gran cosa.	is the interquartile range, what the middle half takes up (Q1 to Q3) — loose marks do not move it, up or down. With fewer than ten results, neither says much.	é o intervalo interquartil, o que ocupa a metade do meio (de Q1 a Q3) — as marcas soltas não o movem, nem para cima nem para baixo. Com menos de uma dezena de resultados, nenhum dos dois diz grande coisa.
es lo que habría que pedir en ese grupo para llegar al objetivo.	is what you would have to require in that group to reach the target.	é o que seria preciso pedir nesse grupo para chegar ao objetivo.
ESTADO	STATUS	ESTADO
ESTADO ACTUAL	CURRENT STATUS	ESTADO ATUAL
Estás usando el filtro de años de arriba.	You are using the year filter above.	Você está usando o filtro de anos acima.
Eventos	Events	Eventos
Excel exportado:	Excel exported:	Excel exportado:
Exportados	Exported	Exportados
FECHA DE NACIMIENTO	DATE OF BIRTH	DATA DE NASCIMENTO
FECHA NAC.	BIRTH DATE	DATA NASC.
foto (error al descargar:	photo (download error:	foto (erro ao baixar:
foto fondo blanco (está subida "tal cual" — procesarla en Fotos Atletas)	white-background photo (uploaded "as is" — process it in Athlete Photos)	foto fundo branco (enviada "tal qual" — processá-la em Fotos Atletas)
foto fondo blanco (no subida/publicada)	white-background photo (not uploaded/published)	foto fundo branco (não enviada/publicada)
FUENTE	SOURCE	FONTE
Generando Excel...	Generating Excel...	Gerando Excel...
Generar código correcto desde RUT + nombre + debut	Generate the correct code from RUT + name + debut	Gerar código correto a partir de RUT + nome + estreia
GL HOMBRES	GL MEN	GL HOMENS
GL MEDIANA	GL MEDIAN	GL MEDIANA
GL mínimo	Minimum GL	GL mínimo
GL MUJERES	GL WOMEN	GL MULHERES
GL o más	GL or more	GL ou mais
GL POINTS NAC.	NAT. GL POINTS	GL POINTS NAC.
GL PROMEDIO	GL AVERAGE	GL MÉDIA
GL PROMEDIO POR AÑO — HOMBRES vs MUJERES	AVERAGE GL PER YEAR — MEN vs WOMEN	GL MÉDIO POR ANO — HOMENS vs MULHERES
GL PROMEDIO POR DIVISIÓN DE EDAD	AVERAGE GL BY AGE DIVISION	GL MÉDIO POR DIVISÃO DE IDADE
GL PROMEDIO POR MODALIDAD	AVERAGE GL BY EVENT	GL MÉDIO POR MODALIDADE
GRUPO	GROUP	GRUPO
GRUPOS	GROUPS	GRUPOS
grupos. Cada atleta cuenta una vez, con su mejor GL de la temporada.	groups. Each athlete counts once, with their best GL of the season.	grupos. Cada atleta conta uma vez, com seu melhor GL da temporada.
Hasta…	To…	Até…
Historial inmutable de acciones (últimas 100)	Immutable action history (last 100)	Histórico imutável de ações (últimas 100)
Histórico	History	Histórico
Hora	Time	Hora
Incluye: base de atletas · histórico de competencias · records por categoría	Includes: athlete database · competition history · records by category	Inclui: base de atletas · histórico de competições · recordes por categoria
LA DISPERSIÓN, POR DIVISIÓN DE EDAD	SPREAD, BY AGE DIVISION	A DISPERSÃO, POR DIVISÃO DE IDADE
LA DISPERSIÓN, POR MODALIDAD	SPREAD, BY EVENT	A DISPERSÃO, POR MODALIDADE
LA DISPERSIÓN, POR SEXO	SPREAD, BY SEX	A DISPERSÃO, POR SEXO
la mitad del medio, de	the middle half, from	a metade do meio, de
la mitad está por encima	half are above	a metade está acima
LAS DIVISIONES, AÑO A AÑO	THE DIVISIONS, YEAR BY YEAR	AS DIVISÕES, ANO A ANO
LISTA DE ESPERA	WAITING LIST	LISTA DE ESPERA
LOS 20 MEJORES GL DEL FILTRO	THE 20 BEST GL OF THE FILTER	OS 20 MELHORES GL DO FILTRO
Los archivos descargados incluyen las ediciones de admin aplicadas.	Downloaded files include the applied admin edits.	Os arquivos baixados incluem as edições de admin aplicadas.
LOS NÚMEROS, POR DIVISIÓN	THE NUMBERS, BY DIVISION	OS NÚMEROS, POR DIVISÃO
los resultados	the results	os resultados
MANTENIMIENTO DE STORAGE	STORAGE MAINTENANCE	MANUTENÇÃO DO STORAGE
MÁX	MAX	MÁX
MB. Puedes subir varios de una.	MB. You can upload several at once.	MB. Você pode enviar vários de uma vez.
MEDIANA	MEDIAN	MEDIANA
MEJOR	BEST	MELHOR
MEJOR BP	BEST BP	MELHOR BP
MEJOR DL	BEST DL	MELHOR DL
MEJOR GL	BEST GL	MELHOR GL
MEJOR SQ	BEST SQ	MELHOR SQ
MÍN	MIN	MÍN
MÍNIMO GL	MINIMUM GL	GL MÍNIMO
mismo total, pero	same total, but	mesmo total, mas
MODALIDAD POR DIVISIÓN	EVENT BY DIVISION	MODALIDADE POR DIVISÃO
Mostrando primeros 100 — refina tu búsqueda	Showing first 100 — refine your search	Mostrando os primeiros 100 — refine sua busca
N° PARTICIPACIONES	NO. OF PARTICIPATIONS	Nº PARTICIPAÇÕES
Ningún atleta de esta nómina tiene foto subida	No athlete in this nomination has a photo uploaded	Nenhum atleta desta nominata tem foto enviada
Ningún resultado con GL points en este filtro.	No results with GL points in this filter.	Nenhum resultado com GL points neste filtro.
Ninguno llega a ese mínimo con los filtros puestos.	Nobody reaches that minimum with the current filters.	Ninguém chega a esse mínimo com os filtros aplicados.
no cargaron los resultados publicados de los campeonatos. Revisa la conexión y vuelve a intentar.	the published championship results did not load. Check the connection and try again.	não carregaram os resultados publicados dos campeonatos. Verifique a conexão e tente novamente.
Nº COMPETENCIAS	NO. OF COMPETITIONS	Nº COMPETIÇÕES
No hay atletas para exportar	No athletes to export	Não há atletas para exportar
No hay datos para exportar	No data to export	Não há dados para exportar
No hay documentos subidos en este campeonato	No documents uploaded in this championship	Não há documentos enviados neste campeonato
No hay inscripciones en este campeonato	No registrations in this championship	Não há inscrições neste campeonato
No hay ningún ciclo abierto. Es lo normal hasta que se corra el próximo Nacional.	There is no open cycle. That is normal until the next Nationals are held.	Não há nenhum ciclo aberto. É o normal até que se dispute o próximo Nacional.
No hay resultados con GL points en este filtro.	No results with GL points in this filter.	Não há resultados com GL points neste filtro.
No se borra ningún resultado:	No result is deleted:	Nenhum resultado é excluído:
No se pudo descargar ningún documento (revisa permisos/CORS)	No document could be downloaded (check permissions/CORS)	Não foi possível baixar nenhum documento (verifique permissões/CORS)
No se pudo descargar ninguna foto (revisa permisos/CORS)	No photo could be downloaded (check permissions/CORS)	Não foi possível baixar nenhuma foto (verifique permissões/CORS)
Nombre actualizado	Name updated	Nome atualizado
Nombre que se ve en el sitio	Name shown on the site	Nome que aparece no site
Nómina	Nomination	Nominata
OPL CSV — todos los aprobados	OPL CSV — all approved	OPL CSV — todos os aprovados
Paquete completo:	Full package:	Pacote completo:
Participaciones	Participations	Participações
participaciones, pero ninguna trae GL cargado.	participations, but none has GL loaded.	participações, mas nenhuma traz GL carregado.
PDF o Excel, hasta	PDF or Excel, up to	PDF ou Excel, até
PEOR QUE ENTRA	WORST TO GET IN	PIOR QUE ENTRA
pesa más de	weighs more than	pesa mais de
PESO CORP.	BODYWEIGHT	PESO CORP.
PESTAÑA	TAB	ABA
pestañas,	tabs,	abas,
POS. NACIONAL 2026	NATIONAL POS. 2026	POS. NACIONAL 2026
Preparando...	Preparing...	Preparando...
PROMEDIO	AVERAGE	MÉDIA
Publicado en yourlift.cl	Published on yourlift.cl	Publicado em yourlift.cl
Publicar data.json al sitio (sin GitHub)	Publish data.json to the site (without GitHub)	Publicar data.json no site (sem GitHub)
puede pasarse del objetivo si hay empate exacto de GL en el borde: un mínimo no es un cupo cerrado. Los grupos con pocos atletas clasifican casi enteros — ahí el corte no filtra nada.	may exceed the target if there is an exact GL tie at the edge: a minimum is not a closed quota. Groups with few athletes qualify almost entirely — there the cut filters nothing.	pode passar do objetivo se houver empate exato de GL na borda: um mínimo não é uma cota fechada. Os grupos com poucos atletas classificam quase inteiros — aí o corte não filtra nada.
quedan guardados en la base, se siguen viendo en el perfil de cada atleta y en las actas, y este mismo corte se puede quitar cuando se quiera.	remain stored in the database, are still shown on each athlete's profile and in the results sheets, and this cut can be removed whenever you want.	ficam salvos na base, continuam aparecendo no perfil de cada atleta e nas atas, e este mesmo corte pode ser removido quando quiser.
quedaría	would have	ficaria
QUITAR EL CORTE El ranking vuelve a mostrar todos los resultados, como antes del reinicio. ¿Confirmar?	REMOVE THE CUT The ranking will show all results again, as before the reset. Confirm?	TIRAR O CORTE O ranking volta a mostrar todos os resultados, como antes do reinício. Confirmar?
Quitar el corte y volver al ranking completo	Remove the cut and return to the full ranking	Tirar o corte e voltar ao ranking completo
RANGO DE MÍNIMOS	RANGE OF MINIMUMS	FAIXA DE MÍNIMOS
RANGO INTERCUARTIL	INTERQUARTILE RANGE	INTERVALO INTERQUARTIL
Ranking exportado:	Ranking exported:	Ranking exportado:
Ranking FECHIPO · yourlift.cl · descargado el	FECHIPO Ranking · yourlift.cl · downloaded on	Ranking FECHIPO · yourlift.cl · baixado em
Ranking reiniciado desde	Ranking reset from	Ranking reiniciado desde
RANKING SIN REPETIR ATLETA	RANKING WITHOUT REPEATING ATHLETES	RANKING SEM REPETIR ATLETA
Records por Categoría	Records by Category	Recordes por Categoria
Reiniciar el ranking desde	Reset the ranking from	Reiniciar o ranking desde
REINICIAR EL RANKING El ranking pasará a mostrar solo los resultados desde el	RESET THE RANKING The ranking will show only results from	REINICIAR O RANKING O ranking passará a mostrar só os resultados desde
Respaldo completo, con RUT y fechas — solo para guardar, no subir al sitio	Full backup, with RUT and dates — only to keep, do not upload to the site	Backup completo, com RUT e datas — só para guardar, não enviar ao site
resultados anteriores, que	previous results, which	resultados anteriores, que
RESULTADOS CON GL	RESULTS WITH GL	RESULTADOS COM GL
RESULTADOS DE CAMPEONATOS	CHAMPIONSHIP RESULTS	RESULTADOS DE CAMPEONATOS
Resultados exportados:	Results exported:	Resultados exportados:
resultados no tienen el sexo cargado.	results do not have the sex loaded.	resultados não têm o sexo carregado.
Resultados oficiales ·	Official results ·	Resultados oficiais ·
Resumen	Summary	Resumo
s quedarían	s would be left	s ficariam
Sacado del sitio	Removed from the site	Retirado do site
Se elige el campeonato que abre el ciclo —normalmente el Nacional recién cerrado— y desde ese momento el ranking cuenta solo ese campeonato en adelante.	You choose the championship that opens the cycle —normally the Nationals just closed— and from then on the ranking counts only that championship onwards.	Escolhe-se o campeonato que abre o ciclo —normalmente o Nacional recém-encerrado— e a partir desse momento o ranking conta só esse campeonato em diante.
Se muestran los primeros	Showing the first	Mostram-se os primeiros
Selecciona un campeonato primero	Select a championship first	Selecione um campeonato primeiro
Si abres el ciclo en	If you open the cycle at	Se abrir o ciclo em
SI FUERA UNO SOLO	IF THERE WERE ONLY ONE	SE FOSSE UM SÓ
siguen guardados	remain stored	continuam salvos
sin GL cargado, quedan fuera	without GL loaded, left out	sem GL carregado, ficam de fora
sin nadie	with nobody	sem ninguém
sin ningún clasificado. Es el precio de tener un número único: más fácil de comunicar, más desparejo en la tarima.	with no one qualified. It is the price of a single number: easier to communicate, more uneven on the platform.	sem nenhum classificado. É o preço de ter um número único: mais fácil de comunicar, mais desigual na plataforma.
Sin nombre	Unnamed	Sem nome
Sin registros	No records	Sem registros
sin RUT	no RUT	sem RUT
Sirve para ver si una división está subiendo de nivel o si fue un año suelto.	Useful to see whether a division is improving or it was a one-off year.	Serve para ver se uma divisão está subindo de nível ou se foi um ano isolado.
Solo el Owner puede exportar el ranking	Only the Owner can export the ranking	Só o Owner pode exportar o ranking
Solo el Owner puede exportar los resultados	Only the Owner can export the results	Só o Owner pode exportar os resultados
SQ NAC.	NAT. SQ	SQ NAC.
Sub-Junior, Junior, Open y los Master, cada uno con hombres y mujeres por separado.	Sub-Junior, Junior, Open and the Masters, each with men and women separately.	Sub-Junior, Junior, Open e os Master, cada um com homens e mulheres separados.
Sube al menos un documento antes de publicarlo	Upload at least one document before publishing it	Envie pelo menos um documento antes de publicá-lo
Sube el acta que bajaste del livecast y queda para descargar en yourlift.cl → Competencias pasadas. Se listan los campeonatos archivados y los que ya tienen fecha cumplida.	Upload the results sheet you downloaded from livecast and it becomes available at yourlift.cl → Past competitions. Archived championships and those whose date has passed are listed.	Envie a ata que você baixou do livecast e ela fica para baixar em yourlift.cl → Competições anteriores. Listam-se os campeonatos arquivados e os que já têm a data cumprida.
temporadas juntas, y un corte así no sirve para clasificar.	seasons together, and a cut like that does not work for qualifying.	temporadas juntas, e um corte assim não serve para classificar.
Tendencia + forecast	Trend + forecast	Tendência + previsão
Todavía no cargan los resultados. Prueba en unos segundos.	Results have not loaded yet. Try in a few seconds.	Os resultados ainda não carregaram. Tente em alguns segundos.
Todavía no hay campeonatos con resultados publicados. Un campeonato aparece acá después de cerrarlo desde el control en vivo.	There are no championships with published results yet. A championship appears here after closing it from live control.	Ainda não há campeonatos com resultados publicados. Um campeonato aparece aqui depois de encerrá-lo no controle ao vivo.
Todavía no hay campeonatos terminados.	There are no finished championships yet.	Ainda não há campeonatos terminados.
todavía no hay resultados cargados	no results loaded yet	ainda não há resultados carregados
Todavía no subiste ningún documento de este campeonato.	You have not uploaded any document for this championship yet.	Você ainda não enviou nenhum documento deste campeonato.
Todos los años	All years	Todos os anos
TOTAL NAC.	NAT. TOTAL	TOTAL NAC.
Un solo mínimo para todos sería	A single minimum for everyone would be	Um só mínimo para todos seria
Una hoja por pestaña del ranking (Classic Masculino, Classic Femenino, Bench…) y adentro cada categoría de peso y división por separado, igual que en el sitio. Con nombre, club, año de nacimiento, marcas y el campeonato donde las hizo.	One sheet per ranking tab (Classic Men, Classic Women, Bench…) and inside each weight class and division separately, just like on the site. With name, club, birth year, lifts and the championship where they were made.	Uma planilha por aba do ranking (Classic Masculino, Classic Feminino, Bench…) e dentro cada categoria de peso e divisão separada, igual ao site. Com nome, clube, ano de nascimento, marcas e o campeonato onde as fez.
UNIVERSIDAD	UNIVERSITY	UNIVERSIDADE
Usuario	User	Usuário
van completos en el CSV.	are complete in the CSV.	vão completos no CSV.
Ver	See	Ver
Ver perfil	See profile	Ver perfil
Ver todos	See all	Ver todos
Visible en yourlift.cl	Visible on yourlift.cl	Visível em yourlift.cl
WADA (error al descargar:	WADA (download error:	WADA (erro ao baixar:
ZIP listo:	ZIP ready:	ZIP pronto:
Δ atletas	Δ athletes	Δ atletas
Δ atletas únicos	Δ unique athletes	Δ atletas únicos
CAMPEONATO	CHAMPIONSHIP	CAMPEONATO
Publicado	Published	Publicado
— Elegir evento (carga nombre, fecha, ubicación, logo) —	— Choose event (loads name, date, location, logo) —	— Escolher evento (carrega nome, data, local, logo) —
¿Eliminar este récord?	Delete this record?	Excluir este recorde?
° PUESTO	° PLACE	° LUGAR
+ Agregar récord	+ Add record	+ Adicionar recorde
● cambios sin guardar	● unsaved changes	● alterações não salvas
ANUNCIO	ANNOUNCEMENT	ANÚNCIO
Arrastra la	Drag the	Arraste a
Auto-llenar desde evento	Autofill from event	Preencher a partir do evento
Banca (kg)	Bench (kg)	Supino (kg)
Bandera	Flag	Bandeira
BUSCA TU PERFIL Y TU EVOLUCIÓN	FIND YOUR PROFILE AND YOUR PROGRESS	BUSQUE SEU PERFIL E SUA EVOLUÇÃO
CALCULA TUS PUNTOS GL	CALCULATE YOUR GL POINTS	CALCULE SEUS PONTOS GL
CALCULADORA GL / IPF	GL / IPF CALCULATOR	CALCULADORA GL / IPF
CAMPEÓN OVERALL	OVERALL CHAMPION	CAMPEÃO OVERALL
Cargado desde records.json — recuerda Guardar	Loaded from records.json — remember to Save	Carregado de records.json — lembre de Salvar
Cargando récords…	Loading records…	Carregando recordes…
Cargar atleta desde la base (autocompleta marcas, GLP y categoría)	Load athlete from the database (autofills lifts, GLP and category)	Carregar atleta da base (preenche marcas, GLP e categoria)
Cargar atleta desde la base (trae foto del sistema, club, marcas y categoría)	Load athlete from the database (brings system photo, club, lifts and category)	Carregar atleta da base (traz foto do sistema, clube, marcas e categoria)
Categoría (ej: −57 KG)	Category (e.g.: −57 KG)	Categoria (ex.: −57 KG)
Categoría de peso (ej: −83 KG, opcional)	Weight class (e.g.: −83 KG, optional)	Categoria de peso (ex.: −83 KG, opcional)
Color sólido	Solid colour	Cor sólida
con el mouse directamente en el preview. Los sliders son para ajuste fino.	with the mouse directly on the preview. The sliders are for fine tuning.	com o mouse diretamente na prévia. Os sliders são para ajuste fino.
Documentación (separar por · )	Documents (separate with · )	Documentação (separar com · )
DOCUMENTACIÓN REQUERIDA	REQUIRED DOCUMENTS	DOCUMENTAÇÃO EXIGIDA
Dorado	Gold	Dourado
EDICIÓN	EDITION	EDIÇÃO
Edita en vivo. Al guardar, los récords se publican al instante en yourlift.cl. Cualquier admin puede editar.	Edit live. When saved, records are published instantly on yourlift.cl. Any admin can edit.	Edite ao vivo. Ao salvar, os recordes são publicados na hora em yourlift.cl. Qualquer admin pode editar.
Editor de publicaciones	Posts editor	Editor de publicações
EL TOP DEL POWERLIFTING CHILENO	THE TOP OF CHILEAN POWERLIFTING	O TOP DO POWERLIFTING CHILENO
Error al guardar:	Error saving:	Erro ao salvar:
Escribe el nombre y elígelo de la lista...	Type the name and pick it from the list...	Digite o nome e escolha-o na lista...
ESTAREMOS PRESENTES	WE WILL BE THERE	ESTAREMOS PRESENTES
Este atleta no tiene foto en el sistema → saldrá el placeholder de perfil.	This athlete has no photo in the system → the profile placeholder will be shown.	Este atleta não tem foto no sistema → aparecerá o placeholder de perfil.
ESTILO	STYLE	ESTILO
Foto · horizontal	Photo · horizontal	Foto · horizontal
Foto · vertical	Photo · vertical	Foto · vertical
Foto · zoom	Photo · zoom	Foto · zoom
Foto cargada	Photo loaded	Foto carregada
Foto del atleta — se carga sola del sistema. Si quieres, súbela manual:	Athlete photo — loaded automatically from the system. If you want, upload it manually:	Foto do atleta — é carregada sozinha do sistema. Se quiser, envie manualmente:
Foto del atleta (ideal: recortada / fondo transparente)	Athlete photo (ideal: cropped / transparent background)	Foto do atleta (ideal: recortada / fundo transparente)
Genera imágenes para Instagram con templates predefinidos · Solo Owner	Generates Instagram images with predefined templates · Owner only	Gera imagens para Instagram com templates predefinidos · Só Owner
Guardar en la web	Save to the web	Salvar na web
Imagen	Image	Imagem
INSCRÍBETE EN YOURLIFT.CL	REGISTER AT YOURLIFT.CL	INSCREVA-SE EM YOURLIFT.CL
INSCRIPCIONES ABIERTAS	REGISTRATION OPEN	INSCRIÇÕES ABERTAS
Instagrams (línea de crédito)	Instagrams (credit line)	Instagrams (linha de crédito)
KG TOTAL	TOTAL KG	KG TOTAL
LA TECNOLOGÍA DEL POWERLIFTING CHILENO	CHILEAN POWERLIFTING TECHNOLOGY	A TECNOLOGIA DO POWERLIFTING CHILENO
LAS MEJORES MARCAS DEL PAÍS	THE BEST LIFTS IN THE COUNTRY	AS MELHORES MARCAS DO PAÍS
Letra texto	Body font	Fonte do texto
Letra títulos	Title font	Fonte dos títulos
Logo cargado	Logo loaded	Logo carregado
Logo del evento	Event logo	Logo do evento
Marca (kg)	Mark (kg)	Marca (kg)
Mostrar insignia (estrella + texto)	Show badge (star + text)	Mostrar insígnia (estrela + texto)
MOVIMIENTO	LIFT	MOVIMENTO
Movimiento (SQUAT/BENCH/DEADLIFT)	Lift (SQUAT/BENCH/DEADLIFT)	Movimento (SQUAT/BENCH/DEADLIFT)
No se pudo leer records.json	Could not read records.json	Não foi possível ler records.json
Nombre · altura	Name · height	Nome · altura
Nombre · horizontal	Name · horizontal	Nome · horizontal
Nombre · tamaño	Name · size	Nome · tamanho
Nombre (la última palabra va grande, ej: "María Paz Sáez")	Name (the last word goes big, e.g.: "María Paz Sáez")	Nome (a última palavra vai grande, ex.: "María Paz Sáez")
Nombre evento	Event name	Nome do evento
Nombre evento (grande, si NO subes logo)	Event name (big, if you do NOT upload a logo)	Nome do evento (grande, se NÃO enviar logo)
NUEVO RÉCORD NACIONAL	NEW NATIONAL RECORD	NOVO RECORDE NACIONAL
ORGANIZA:	ORGANISED BY:	ORGANIZA:
PERFILES DE ATLETAS	ATHLETE PROFILES	PERFIS DE ATLETAS
Peso muerto (kg)	Deadlift (kg)	Levantamento terra (kg)
PODIO OFICIAL	OFFICIAL PODIUM	PÓDIO OFICIAL
POSICIÓN Y TAMAÑO	POSITION AND SIZE	POSIÇÃO E TAMANHO
PREVIEW · 1080×1350	PREVIEW · 1080×1350	PRÉVIA · 1080×1350
PRÓXIMO CAMPEONATO	NEXT CHAMPIONSHIP	PRÓXIMO CAMPEONATO
Quitar fondo	Remove background	Remover fundo
RANKING NACIONAL GL	NATIONAL GL RANKING	RANKING NACIONAL GL
Recargar de records.json	Reload from records.json	Recarregar de records.json
Recargar desde records.json descartará cambios no guardados. ¿Continuar?	Reloading from records.json will discard unsaved changes. Continue?	Recarregar de records.json descartará alterações não salvas. Continuar?
Récords guardados — ya se ven en la web	Records saved — now visible on the web	Recordes salvos — já aparecem na web
RÉCORDS NACIONALES	NATIONAL RECORDS	RECORDES NACIONAIS
REVISA TU CATEGORÍA Y TU VUELO	CHECK YOUR CATEGORY AND YOUR FLIGHT	VERIFIQUE SUA CATEGORIA E SEU VOO
Rojo	Red	Vermelho
Sentadilla (kg)	Squat (kg)	Agachamento (kg)
SÍGUELO POR YOUTUBE	FOLLOW IT ON YOUTUBE	ACOMPANHE PELO YOUTUBE
Sin bandera	No flag	Sem bandeira
Sin récords en esta categoría. Usa "+ Agregar récord".	No records in this category. Use "+ Add record".	Sem recordes nesta categoria. Use "+ Adicionar recorde".
Sobrenombre / IG (ej: @paaaxi)	Nickname / IG (e.g.: @paaaxi)	Apelido / IG (ex.: @paaaxi)
Solo el owner puede usar el editor.	Only the owner can use the editor.	Só o owner pode usar o editor.
Subtítulo	Subtitle	Subtítulo
Subtítulo (ej. "1° Edición")	Subtitle (e.g. "1st Edition")	Subtítulo (ex.: "1ª Edição")
Template no encontrado	Template not found	Template não encontrado
Texto (multilínea)	Text (multi-line)	Texto (multilinha)
Texto de la insignia (ej: WORLD CHAMPION). Vacío = solo la estrella	Badge text (e.g.: WORLD CHAMPION). Empty = star only	Texto da insígnia (ex.: WORLD CHAMPION). Vazio = só a estrela
Texto del anuncio (multilínea)	Announcement text (multi-line)	Texto do anúncio (multilinha)
TIPO	TYPE	TIPO
Título (banda dorada, ej: CAMPEONA OVERALL JUNIOR)	Title (gold band, e.g.: JUNIOR OVERALL CHAMPION)	Título (faixa dourada, ex.: CAMPEÃ OVERALL JUNIOR)
Título grande	Large title	Título grande
Total kg	Total kg	Total kg
TRANSMISIÓN EN VIVO	LIVE BROADCAST	TRANSMISSÃO AO VIVO
TRANSMISIÓN EN VIVO POR	LIVE BROADCAST ON	TRANSMISSÃO AO VIVO POR
URL / llamado (ej: yourlift.cl/ranking)	URL / call to action (e.g.: yourlift.cl/ranking)	URL / chamada (ex.: yourlift.cl/ranking)
Verde	Green	Verde
Violeta	Violet	Violeta
y el	and the	e o
? Se usa cuando el resultado es de otra persona y se le asignó por coincidencia de nombre. No se borra de ningún lado: deja de aparecer en esta ficha.	? Used when the result belongs to someone else and was assigned by a name match. It is not deleted anywhere: it stops appearing on this profile.	? Usa-se quando o resultado é de outra pessoa e foi atribuído por coincidência de nome. Não é excluído de lugar nenhum: deixa de aparecer nesta ficha.
¿Descartar estos resultados? No se aplicará ningún cambio al sistema.	Discard these results? No change will be applied to the system.	Descartar estes resultados? Nenhuma alteração será aplicada ao sistema.
¿Quitar la corrección y dejar el resultado como estaba?	Remove the correction and leave the result as it was?	Tirar a correção e deixar o resultado como estava?
¿Sacar este resultado de la ficha de	Remove this result from the profile of	Tirar este resultado da ficha de
· Guardado por	· Saved by	· Salvo por
(anterior:	(previous:	(anterior:
actualizados. Descarga y sube a GitHub.	updated. Download and upload to GitHub.	atualizados. Baixe e envie ao GitHub.
atletas al campeonato "	athletes to the championship "	atletas ao campeonato "
atletas no encontrados en data.json — se agregarán como nuevos:	athletes not found in data.json — they will be added as new:	atletas não encontrados em data.json — serão adicionados como novos:
Competencia no encontrada	Competition not found	Competição não encontrada
Con total	With total	Com total
Corrección guardada	Correction saved	Correção salva
Corrección quitada — recarga para ver el dato original	Correction removed — reload to see the original value	Correção removida — recarregue para ver o dado original
Corregir resultado	Correct result	Corrigir resultado
Cuando finalices una competencia desde YourLift aparecerá aquí para procesar.	When you finish a competition from YourLift it will appear here to process.	Quando você finalizar uma competição pelo YourLift ela aparecerá aqui para processar.
Descargado — sube a GitHub	Downloaded — upload to GitHub	Baixado — envie ao GitHub
Descartar	Discard	Descartar
Este resultado no es suyo	This result is not theirs	Este resultado não é dele
Faltan datos: carga un CSV y elige un campeonato destino.	Missing data: load a CSV and choose a target championship.	Faltam dados: carregue um CSV e escolha um campeonato destino.
Guardar corrección	Save correction	Salvar correção
Importación terminada. Importados:	Import finished. Imported:	Importação concluída. Importados:
Importando...	Importing...	Importando...
Lo que escribas reemplaza al dato original solo para mostrarlo. El resultado de origen y el acta quedan intactos, y borrando la corrección vuelve a como estaba. Deja un campo vacío para no tocarlo.	What you write replaces the original value only for display. The source result and the results sheet remain intact, and deleting the correction restores it. Leave a field empty to leave it unchanged.	O que você escrever substitui o dado original só para exibir. O resultado de origem e a ata ficam intactos, e excluindo a correção volta a como estava. Deixe um campo vazio para não alterá-lo.
Marcar como Invitado (no puntúa)	Mark as Guest (does not score)	Marcar como Convidado (não pontua)
No hay competencias pendientes de procesar.	No competitions pending processing.	Não há competições pendentes de processar.
No hay filas para importar.	No rows to import.	Não há linhas para importar.
No hay nada que corregir.	Nothing to correct.	Não há nada para corrigir.
No se encontró ese resultado	That result was not found	Esse resultado não foi encontrado
NUEVOS RECORDS NACIONALES	NEW NATIONAL RECORDS	NOVOS RECORDES NACIONAIS
nuevos,	new,	novos,
PRESS BANCA	BENCH PRESS	SUPINO
Procesa los resultados directamente al sistema — actualiza data.json, records.json y los perfiles de atletas	Processes the results directly into the system — updates data.json, records.json and athlete profiles	Processa os resultados diretamente no sistema — atualiza data.json, records.json e os perfis de atletas
Procesado:	Processed:	Processado:
Procesar y descargar data.json + records.json	Process and download data.json + records.json	Processar e baixar data.json + records.json
Publicado automáticamente:	Published automatically:	Publicado automaticamente:
Quitar corrección	Remove correction	Tirar correção
Recalcular el total sumando los tres movimientos	Recalculate the total by adding the three lifts	Recalcular o total somando os três movimentos
Resultado sacado de la ficha	Result removed from the profile	Resultado tirado da ficha
Resultados de Competencia	Competition Results	Resultados de Competição
Resultados descartados	Results discarded	Resultados descartados
Revisa la consola (F12) para detalles.	Check the console (F12) for details.	Verifique o console (F12) para detalhes.
Ver detalle	See detail	Ver detalhe
¿Cerrar sesión?	Log out?	Sair?
Completa email y contraseña	Enter email and password	Preencha e-mail e senha
Demasiados intentos. Espera unos minutos.	Too many attempts. Wait a few minutes.	Tentativas demais. Espere alguns minutos.
email, password y nombre son obligatorios.	email, password and name are required.	email, senha e nome são obrigatórios.
Ingresando...	Logging in...	Entrando...
La contraseña debe tener al menos 8 caracteres.	The password must be at least 8 characters.	A senha deve ter pelo menos 8 caracteres.
Sin conexión a internet	No internet connection	Sem conexão com a internet
: puede mirar, nunca operar. Lo que no marques acá sigue disponible para ti en el livecast, pero no se le muestra a nadie.	: they can watch, never operate. What you do not tick here is still available to you in livecast, but is not shown to anyone.	: pode olhar, nunca operar. O que você não marcar aqui continua disponível para você no livecast, mas não aparece para ninguém.
¿Eliminar este auspiciador?	Delete this sponsor?	Excluir este patrocinador?
¿Ocultar del público las	Hide from the public the	Ocultar do público as
¿Sacar esta foto de la portada?	Remove this photo from the cover?	Tirar esta foto da capa?
. ¿Seguimos?	. Shall we continue?	. Seguimos?
· ORIGINAL	· ORIGINAL	· ORIGINAL
(yourlift.cl → menú	(yourlift.cl → menu	(yourlift.cl → menu
). El público entra siempre como	). The public always enters as	). O público entra sempre como
+ Agregar fotos	+ Add photos	+ Adicionar fotos
● EN VIVO PARA EL PÚBLICO	● LIVE FOR THE PUBLIC	● AO VIVO PARA O PÚBLICO
Agregar la foto original	Add the original photo	Adicionar a foto original
Auspiciadores guardados	Sponsors saved	Patrocinadores salvos
Bajar	Move down	Descer
CADA KILO	EVERY KILO	CADA QUILO
Cambiar cada	Change every	Mudar a cada
Código QR del seguimiento en vivo, para proyectar o imprimir	QR code for live tracking, to project or print	Código QR do acompanhamento ao vivo, para projetar ou imprimir
competencia(s) visibles? La pestaña "Competencia en Vivo" va a quedar vacía.	visible competition(s)? The "Live Competition" tab will be empty.	competição(ões) visíveis? A aba "Competição ao Vivo" vai ficar vazia.
competencia(s):	competition(s):	competição(ões):
COMPUTADOR	COMPUTER	COMPUTADOR
CUENTA.	COUNTS.	CONTA.
de acá genera el código para proyectar o imprimir, siempre.	here generates the code to project or print, always.	daqui gera o código para projetar ou imprimir, sempre.
decide si la gente ve ese botón en la tarjeta — por defecto no lo ve.	decides whether people see that button on the card — by default they do not.	decide se as pessoas veem esse botão no cartão — por padrão não veem.
Deja visibles los nueve días del Sudamericano y oculta todo lo demás	Leaves the nine days of the South American visible and hides everything else	Deixa visíveis os nove dias do Sul-Americano e oculta todo o resto
días del Sudamericano	days of the South American	dias do Sul-Americano
El botón	The button	O botão
El público NO ve el QR de esta competencia	The public does NOT see this competition's QR	O público NÃO vê o QR desta competição
El público ve el botón QR en la tarjeta de esta competencia	The public sees the QR button on this competition's card	O público vê o botão QR no cartão desta competição
El público ya ve el QR de	The public already sees the QR of	O público já vê o QR de
El QR se va a generar igual, pero quien lo escanee no va a ver la competencia	The QR will be generated anyway, but whoever scans it will not see the competition	O QR será gerado mesmo assim, mas quem o escanear não verá a competição
Elige qué competencias ve la gente en	Choose which competitions people see in	Escolha quais competições as pessoas veem em
Este campeonato todavía no está visible para el público.	This championship is not yet visible to the public.	Este campeonato ainda não está visível para o público.
hasta que le des "MOSTRAR". ¿Generarlo igual?	until you press "SHOW". Generate it anyway?	até você apertar "MOSTRAR". Gerá-lo mesmo assim?
Las fotos de la portada de yourlift.cl. Con más de una, van pasando solas. Muévelas para que no se corte la cara: en computador van a la derecha del texto y en el teléfono arriba.	The yourlift.cl cover photos. With more than one, they rotate automatically. Move them so the face is not cut off: on a computer they go to the right of the text and on the phone at the top.	As fotos da capa de yourlift.cl. Com mais de uma, passam sozinhas. Mova-as para que o rosto não seja cortado: no computador vão à direita do texto e no celular em cima.
Listo: en Competencia en Vivo se ven solo los días del Sudamericano	Done: Live Competition shows only the South American days	Pronto: em Competição ao Vivo aparecem só os dias do Sul-Americano
Listo: no se muestra ninguna competencia al público	Done: no competition is shown to the public	Pronto: nenhuma competição é mostrada ao público
Listo. Ajusta el encuadre de cada foto y aprieta Guardar.	Done. Adjust the framing of each photo and press Save.	Pronto. Ajuste o enquadramento de cada foto e aperte Salvar.
Logo de	Logo of	Logo de
No encontré los días del Sudamericano	Could not find the South American days	Não encontrei os dias do Sul-Americano
No hay campeonatos cargados todavía.	No championships loaded yet.	Ainda não há campeonatos carregados.
No hay competencias visibles para el público	No competitions visible to the public	Não há competições visíveis para o público
No se pudo cargar el generador de QR	The QR generator could not be loaded	Não foi possível carregar o gerador de QR
nómina de archivo	file nomination	nominata de arquivo
OCULTAR	HIDE	OCULTAR
Ocultar todas	Hide all	Ocultar todas
Oculto del público: "	Hidden from the public: "	Oculto do público: "
Portada guardada	Cover saved	Capa salva
QR OCULTO	QR HIDDEN	QR OCULTO
QR OCULTO / QR PÚBLICO	QR HIDDEN / QR PUBLIC	QR OCULTO / QR PÚBLICO
QR oculto para el público	QR hidden from the public	QR oculto para o público
QR PÚBLICO ●	QR PUBLIC ●	QR PÚBLICO ●
Sacar	Remove	Tirar
Solo el Owner decide si el QR se le muestra al público	Only the Owner decides whether the QR is shown to the public	Só o Owner decide se o QR é mostrado ao público
Solo el Owner puede cambiar la portada	Only the Owner can change the cover	Só o Owner pode mudar a capa
Solo el Owner puede modificar los auspiciadores	Only the Owner can modify the sponsors	Só o Owner pode modificar os patrocinadores
Solo los 9 días del Sudamericano	Only the 9 days of the South American	Só os 9 dias do Sul-Americano
Subir	Move up	Subir
TELÉFONO Y TABLET	PHONE AND TABLET	CELULAR E TABLET
Tiene que quedar al menos una foto	At least one photo must remain	Precisa ficar pelo menos uma foto
Tú lo ves al tiro. Los visitantes lo ven cuando se les renueva la configuración del sitio (hasta 24 horas), así la portada no suma lecturas.	You see it right away. Visitors see it when their site configuration refreshes (up to 24 hours), so the cover does not add reads.	Você vê na hora. Os visitantes veem quando a configuração do site se renova (até 24 horas), assim a capa não soma leituras.
Van a quedar visibles los	Will remain visible the	Vão ficar visíveis os
Ver como público ↗	View as public ↗	Ver como público ↗
visibles para el público	visible to the public	visíveis para o público
y se ocultan	and are hidden	e são ocultadas
cuenta.	counts.	conta.
⟳ CAMBIO DE INTENTO	⟳ ATTEMPT CHANGE	⟳ MUDANÇA DE TENTATIVA
CAMBIO DE INTENTO	ATTEMPT CHANGE	MUDANÇA DE TENTATIVA
Cambio de intento	Attempt change	Mudança de tentativa
⟳ CAMBIO	⟳ CHANGE	⟳ MUDANÇA
Cambio de intento · sin cambios	Attempt change · no changes left	Mudança de tentativa · sem mudanças
Ese intento ya fue juzgado: ya no se puede cambiar	That attempt was already judged: it can no longer be changed	Essa tentativa já foi julgada: não pode mais ser mudada
Primero se declara el peso: el cambio es sobre un peso ya declarado	Declare the weight first: the change is on an already declared weight	Primeiro declara-se o peso: a mudança é sobre um peso já declarado
Es el mismo peso: no cuenta como cambio	It is the same weight: it does not count as a change	É o mesmo peso: não conta como mudança
Peso inválido	Invalid weight	Peso inválido
ya usó sus	has already used their	já usou suas
cambios de intento	attempt changes	mudanças de tentativa
Cuentas	Accounts	Contas
activas	active	ativas
desactivadas	disabled	desativadas
Activar	Enable	Ativar
Desactivar	Disable	Desativar
DESACTIVADA	DISABLED	DESATIVADA
Superadmin — acceso completo al panel	Superadmin — full panel access	Superadmin — acesso completo ao painel
Crea y gestiona las cuentas que pueden acceder a este panel.	Create and manage the accounts that can access this panel.	Crie e gerencie as contas que podem acessar este painel.
le cierra el acceso sin borrar la cuenta: se vuelve a activar con el mismo rol.	blocks access without deleting the account: it can be enabled again with the same role.	bloqueia o acesso sem excluir a conta: pode ser ativada de novo com a mesma função.
la saca de la lista.	removes it from the list.	a remove da lista.
